Country,1975,1976,1977,1978,1979,1980,1981,1982,1983,1984,1985,1986,1987,1988,1989,1990,1991,1992,1993,1994,1995,1996,1997,1998,1999,2000,2001,2002,2003,2004,2005,2006,2007,2008,2009,2010,2011,2012,2013,2014,2015,2016,2017,2018,2019,2020,2021,2022,2023,2024,2025
Afghanistan,2367.0,2556.0,2953.0,3300.0,3698.0,,,,,,,,,,,,,,,,,,,,,,,4367.0,4553.0,5146.0,6167.0,6925.0,8556.0,10297.0,12066.0,15325.0,17890.0,20293.0,20170.0,20616.0,20057.0,18020.0,18883.0,18336.0,18876.0,20136.0,14278.0,14501.0,17248.0,,
Albania,2610.0,2686.0,2761.0,2842.0,2372.0,1969.0,2256.0,2323.0,2347.0,2317.0,2366.0,2617.0,2597.0,2560.0,2812.0,2247.0,1349.0,853.0,1478.0,2389.0,2916.0,3238.0,2251.0,2585.0,3264.0,3529.0,3974.0,4408.0,5628.0,7263.0,8148.0,9002.0,10804.0,13035.0,12187.0,12079.0,13052.0,12470.0,12936.0,13404.0,11525.0,12003.0,13209.0,15337.0,15582.0,15271.0,18086.0,19185.0,23388.0,27259.0,28372.0
Algeria,15591.0,17790.0,21038.0,26433.0,33276.0,45957.0,48156.0,48599.0,51582.0,55906.0,66346.0,66783.0,68698.0,56070.0,57041.0,67171.0,50650.0,53414.0,55309.0,46044.0,45654.0,50945.0,52287.0,52297.0,53011.0,59418.0,59413.0,61516.0,73482.0,91914.0,107047.0,123084.0,142483.0,180384.0,150317.0,177785.0,218332.0,227144.0,229701.0,238943.0,187494.0,180764.0,190004.0,194507.0,193361.0,164774.0,185850.0,225709.0,247789.0,264913.0,268885.0
Andorra,279.0,288.0,321.0,390.0,521.0,,,,,,,,,,,,,,,,,,,,,1429.0,1547.0,1758.0,2362.0,2896.0,3158.0,3456.0,3952.0,4082.0,3675.0,3446.0,3625.0,3189.0,3193.0,3267.0,2789.0,2895.0,2993.0,3217.0,3155.0,2885.0,3325.0,3376.0,3786.0,4038.0,4035.0
Angola,4147.0,3981.0,4344.0,4845.0,5380.0,8730.0,8170.0,8170.0,8514.0,9025.0,11119.0,10411.0,11900.0,12909.0,15017.0,16529.0,16022.0,12354.0,8966.0,6529.0,8148.0,10510.0,12344.0,10464.0,9895.0,12646.0,12378.0,17312.0,20342.0,26998.0,41397.0,58654.0,73038.0,98790.0,81705.0,95547.0,125552.0,143573.0,153761.0,164448.0,131661.0,114764.0,139835.0,114189.0,94671.0,66521.0,84375.0,142442.0,109764.0,115946.0,113343.0
Antigua and Barbuda,85.0,71.0,81.0,92.0,113.0,132.0,149.0,166.0,185.0,212.0,246.0,298.0,347.0,411.0,455.0,479.0,504.0,525.0,566.0,625.0,616.0,679.0,734.0,790.0,836.0,901.0,878.0,898.0,948.0,1026.0,1144.0,1304.0,1487.0,1558.0,1387.0,1298.0,1287.0,1365.0,1325.0,1379.0,1437.0,1490.0,1535.0,1662.0,1726.0,1412.0,1602.0,1867.0,2006.0,2225.0,2373.0
Argentina,51741.0,54575.0,61662.0,63865.0,73987.0,233696.0,189802.0,94250.0,116267.0,130544.0,98599.0,118565.0,121561.0,142386.0,91352.0,158024.0,211979.0,255787.0,264429.0,287835.0,288497.0,304282.0,327436.0,334244.0,316998.0,317759.0,300421.0,112458.0,142431.0,164911.0,199273.0,232892.0,287921.0,363545.0,334633.0,424729.0,527644.0,579666.0,611471.0,563614.0,642464.0,556774.0,643861.0,524431.0,446762.0,385218.0,486040.0,632318.0,645511.0,632145.0,683533.0
Armenia,,,,,,,,,,,,,,,,,,108.0,835.0,648.0,1287.0,1597.0,1639.0,1892.0,1845.0,1912.0,2118.0,2376.0,2807.0,3577.0,4900.0,6384.0,9206.0,11662.0,8648.0,9260.0,10142.0,10619.0,11121.0,11610.0,10553.0,10546.0,11527.0,12458.0,13619.0,12642.0,13879.0,19514.0,24086.0,25533.0,26258.0
Aruba,229.0,241.0,254.0,268.0,282.0,,,,,,,,,,,,,,,,1321.0,1380.0,1532.0,1665.0,1723.0,1873.0,1896.0,1962.0,2044.0,2255.0,2360.0,2470.0,2678.0,2843.0,2554.0,2454.0,2638.0,2615.0,2728.0,2791.0,2963.0,2984.0,3092.0,3276.0,3341.0,2486.0,2929.0,3279.0,3649.0,3952.0,4100.0
Australia,108853.0,117298.0,116222.0,135608.0,150133.0,162924.0,188410.0,187049.0,179478.0,197136.0,174385.0,181477.0,213100.0,271088.0,308402.0,324128.0,324436.0,318005.0,309303.0,353372.0,379227.0,424663.0,426401.0,381498.0,411968.0,400278.0,378114.0,425516.0,541155.0,658742.0,736505.0,783447.0,950093.0,1056559.0,1000828.0,1254623.0,1515507.0,1570139.0,1519900.0,1456939.0,1233921.0,1262655.0,1381110.0,1417162.0,1386277.0,1362613.0,1655843.0,1725461.0,1742461.0,1796805.0,1771681.0
Austria,39962.0,42856.0,51423.0,61901.0,73763.0,80481.0,69738.0,69727.0,70644.0,66640.0,68248.0,96842.0,121104.0,132860.0,132534.0,165953.0,173481.0,194436.0,189342.0,202854.0,239914.0,236044.0,211978.0,217363.0,216637.0,196268.0,196479.0,212687.0,260714.0,299075.0,314126.0,333924.0,386806.0,429187.0,398857.0,390146.0,428879.0,407008.0,426587.0,438669.0,379584.0,393579.0,414780.0,452787.0,443033.0,434050.0,480786.0,472339.0,512509.0,521269.0,534301.0
Azerbaijan,,,,,,,,,,,,,,,,,,1193.0,1309.0,2258.0,2417.0,3177.0,4317.0,4280.0,4581.0,5273.0,5475.0,6232.0,7276.0,8682.0,13239.0,20983.0,33050.0,48852.0,44297.0,52909.0,65952.0,69684.0,74164.0,75235.0,52997.0,37830.0,41375.0,47113.0,48174.0,42693.0,54825.0,78807.0,72428.0,74316.0,78870.0
Bahamas,892.0,971.0,1162.0,1336.0,1579.0,2598.0,2692.0,3031.0,3373.0,3603.0,3923.0,4241.0,4669.0,4855.0,5473.0,5218.0,5128.0,5125.0,5097.0,5372.0,5653.0,5950.0,6332.0,6833.0,7684.0,8076.0,8318.0,8881.0,8870.0,9055.0,9836.0,10167.0,10618.0,10526.0,9982.0,10096.0,10070.0,10720.0,10396.0,10974.0,11672.0,11745.0,12237.0,12616.0,13016.0,9958.0,11369.0,13136.0,14338.0,14761.0,15178.0
Bahrain,1185.0,1705.0,2144.0,2449.0,2920.0,3745.0,4228.0,4445.0,4554.0,4727.0,4460.0,3490.0,3780.0,4672.0,4873.0,5176.0,5430.0,5673.0,6241.0,6683.0,7075.0,7357.0,7629.0,7293.0,7905.0,9448.0,9579.0,10001.0,11546.0,13709.0,16647.0,19291.0,22653.0,26803.0,23913.0,26806.0,29915.0,31963.0,33823.0,34773.0,32523.0,33885.0,37205.0,39568.0,40447.0,35838.0,40840.0,46458.0,46192.0,46943.0,47829.0
Bangladesh,8476.0,9447.0,9950.0,12751.0,14758.0,24775.0,26355.0,24678.0,23904.0,26817.0,28819.0,29639.0,32449.0,34914.0,38070.0,41068.0,42488.0,43292.0,43684.0,46438.0,51842.0,55445.0,57599.0,59879.0,61526.0,61687.0,62537.0,65036.0,71755.0,77152.0,79530.0,86028.0,95374.0,109765.0,122760.0,138094.0,154097.0,159749.0,179676.0,207102.0,233687.0,265236.0,293755.0,321379.0,351238.0,373902.0,416265.0,460201.0,451534.0,451096.0,467218.0
Barbados,476.0,517.0,588.0,658.0,798.0,1048.0,1154.0,1205.0,1280.0,1395.0,1460.0,1603.0,1765.0,1877.0,2077.0,2084.0,2092.0,2015.0,2136.0,2227.0,2348.0,2515.0,2667.0,3057.0,3210.0,3312.0,3306.0,3364.0,3479.0,3754.0,4213.0,4702.0,5273.0,5401.0,5064.0,5138.0,5302.0,5233.0,5338.0,5366.0,5288.0,5331.0,5517.0,5630.0,5788.0,5168.0,5275.0,6257.0,6721.0,7167.0,7552.0
Belarus,,,,,,,,,,,,,,,,,,12800.0,11408.0,15687.0,10532.0,14494.0,14091.0,15215.0,12133.0,10785.0,12778.0,15092.0,18420.0,23928.0,31239.0,38219.0,46815.0,62798.0,50855.0,57220.0,61368.0,65669.0,75496.0,78736.0,56329.0,47703.0,54723.0,60011.0,64414.0,61312.0,68207.0,73735.0,71792.0,71180.0,71561.0
Belgium,66028.0,71495.0,83282.0,101793.0,116940.0,123479.0,102245.0,89959.0,85037.0,81237.0,84468.0,117063.0,145412.0,158098.0,159817.0,200150.0,205370.0,228733.0,218721.0,238623.0,288302.0,279292.0,253022.0,258876.0,258503.0,236897.0,236748.0,258200.0,318004.0,369047.0,385927.0,408281.0,470978.0,517271.0,484488.0,481949.0,527106.0,498731.0,524106.0,538127.0,461091.0,474141.0,500733.0,542885.0,536787.0,529269.0,598892.0,593906.0,644968.0,664965.0,684864.0
Belize,104.0,82.0,106.0,121.0,141.0,229.0,238.0,238.0,251.0,280.0,278.0,303.0,354.0,418.0,482.0,547.0,597.0,696.0,753.0,772.0,819.0,851.0,873.0,929.0,1000.0,1139.0,1173.0,1245.0,1309.0,1401.0,1475.0,1591.0,1707.0,1739.0,1688.0,1746.0,1827.0,1909.0,2033.0,2138.0,2193.0,2240.0,2266.0,2293.0,2388.0,2043.0,2421.0,2847.0,3067.0,3427.0,3611.0
Benin,674.0,718.0,786.0,954.0,1162.0,2302.0,1557.0,1542.0,1365.0,1456.0,1580.0,2036.0,2430.0,2552.0,2370.0,2890.0,2954.0,3284.0,3199.0,2227.0,2993.0,3251.0,3124.0,3362.0,3681.0,3522.0,3666.0,4191.0,5348.0,6187.0,6571.0,7034.0,8170.0,9787.0,9728.0,9543.0,10691.0,11148.0,12518.0,13288.0,11389.0,11818.0,12697.0,14257.0,14392.0,15674.0,17699.0,17439.0,19679.0,21249.0,22236.0
Bhutan,87.0,88.0,98.0,94.0,105.0,132.0,143.0,150.0,162.0,168.0,174.0,197.0,238.0,273.0,272.0,293.0,254.0,248.0,260.0,263.0,308.0,324.0,362.0,398.0,418.0,454.0,474.0,517.0,616.0,700.0,818.0,876.0,1071.0,1353.0,1274.0,1528.0,1880.0,1967.0,1999.0,1963.0,2159.0,2252.0,2462.0,2651.0,2618.0,2586.0,2623.0,2869.0,2923.0,3092.0,3422.0
Bolivia,2399.0,2749.0,2765.0,3020.0,3274.0,3589.0,3440.0,3813.0,3609.0,3752.0,4059.0,3970.0,4323.0,4598.0,4716.0,4868.0,5335.0,5635.0,5724.0,5974.0,6707.0,7385.0,7919.0,8490.0,8269.0,8385.0,8155.0,7917.0,8092.0,8785.0,9573.0,11520.0,13216.0,16792.0,17464.0,19786.0,24135.0,27282.0,30883.0,33237.0,33241.0,34189.0,37782.0,40581.0,41193.0,36897.0,40701.0,44329.0,45464.0,48404.0,56339.0
Bosnia and Herzegovina,,,,,,,,,,,,,,,,,,,,,,3584.0,4578.0,5281.0,5766.0,5568.0,5801.0,6728.0,8499.0,10157.0,11223.0,12865.0,15779.0,19113.0,17614.0,17176.0,18644.0,17227.0,18179.0,18559.0,16404.0,17117.0,18326.0,20484.0,20483.0,20226.0,23673.0,24535.0,27592.0,28795.0,28807.0
Botswana,274.0,297.0,383.0,456.0,595.0,1174.0,1037.0,1094.0,1208.0,1200.0,1117.0,1515.0,2374.0,3082.0,3441.0,3799.0,3802.0,3928.0,3957.0,4258.0,4805.0,4926.0,5011.0,4808.0,5413.0,5682.0,5460.0,5395.0,7469.0,8819.0,9833.0,9919.0,10566.0,10731.0,10118.0,12637.0,15111.0,13907.0,14272.0,15470.0,13531.0,15083.0,16105.0,17032.0,16696.0,14930.0,18750.0,20321.0,19411.0,19356.0,19400.0
Brazil,108051.0,127741.0,148672.0,168803.0,186095.0,145819.0,167583.0,179166.0,143652.0,142957.0,226938.0,263256.0,286539.0,320105.0,439434.0,455335.0,399249.0,382465.0,429184.0,546764.0,770860.0,851146.0,883862.0,864307.0,599642.0,655454.0,559982.0,509798.0,558232.0,669290.0,891633.0,1107628.0,1397114.0,1695855.0,1669204.0,2208704.0,2614027.0,2464053.0,2471718.0,2456055.0,1800046.0,1796622.0,2063519.0,1916934.0,1873286.0,1476092.0,1670650.0,1951849.0,2191137.0,2171337.0,2125958.0
Brunei,1467.0,1787.0,2176.0,2439.0,3522.0,,,,,,5470.0,3727.0,4384.0,4177.0,4652.0,5574.0,5949.0,6256.0,6327.0,6795.0,8098.0,8156.0,7974.0,6061.0,6544.0,6650.0,6206.0,6475.0,7266.0,8723.0,10561.0,12710.0,13571.0,15949.0,11892.0,13707.0,18525.0,19048.0,18094.0,17098.0,12930.0,11400.0,12128.0,13567.0,13469.0,12006.0,14006.0,16682.0,15095.0,15463.0,16007.0
Bulgaria,11908.0,12625.0,12908.0,13982.0,9408.0,37751.0,40718.0,42467.0,43641.0,46358.0,39692.0,35130.0,40721.0,66546.0,67774.0,29882.0,2928.0,11882.0,6449.0,11338.0,18992.0,12295.0,11317.0,15031.0,13628.0,13246.0,14183.0,16403.0,21146.0,26158.0,29868.0,34380.0,44432.0,54476.0,52024.0,50690.0,57682.0,54297.0,55820.0,57081.0,50766.0,53929.0,59288.0,66318.0,68639.0,70658.0,84477.0,90719.0,102434.0,112232.0,117007.0
Burkina Faso,890.0,853.0,1031.0,1328.0,1782.0,2386.0,2076.0,1934.0,1767.0,1579.0,1746.0,2290.0,2665.0,2942.0,2942.0,3488.0,3526.0,3775.0,3599.0,2164.0,2676.0,2909.0,2753.0,3155.0,3388.0,2961.0,3190.0,3620.0,4740.0,5449.0,6150.0,6548.0,7627.0,9450.0,9440.0,10118.0,12078.0,12569.0,13444.0,13947.0,11833.0,12829.0,14094.0,15916.0,16092.0,17837.0,19747.0,19588.0,21181.0,23975.0,27056.0
Burundi,414.0,456.0,542.0,612.0,791.0,951.0,989.0,1045.0,1106.0,1005.0,1170.0,1233.0,1161.0,1088.0,1131.0,1131.0,1167.0,1082.0,938.0,924.0,1000.0,868.0,972.0,893.0,866.0,870.0,877.0,825.0,785.0,915.0,1117.0,1273.0,1356.0,1612.0,1775.0,2032.0,2236.0,2333.0,2456.0,2706.0,3104.0,2960.0,3172.0,3037.0,3009.0,3089.0,3356.0,3922.0,4246.0,4743.0,6745.0
Cambodia,746.0,799.0,738.0,806.0,768.0,,,,,,,205.0,141.0,276.0,346.0,898.0,2007.0,2435.0,2422.0,2760.0,3430.0,3509.0,3462.0,3132.0,3522.0,3707.0,4154.0,4507.0,5054.0,5879.0,7058.0,8342.0,10117.0,12162.0,12490.0,13796.0,16017.0,17829.0,19806.0,22040.0,24217.0,26591.0,29394.0,33181.0,36682.0,34898.0,36797.0,39838.0,43304.0,47328.0,49799.0
Cameroon,3187.0,3473.0,4062.0,5347.0,7116.0,8850.0,10026.0,9616.0,9692.0,10243.0,10698.0,13945.0,16152.0,16403.0,14626.0,14641.0,16325.0,14963.0,15611.0,10622.0,10075.0,11227.0,11352.0,11338.0,11553.0,10245.0,10950.0,12369.0,15944.0,18803.0,19534.0,20912.0,23931.0,27712.0,27903.0,27530.0,30626.0,30174.0,33729.0,36396.0,32213.0,33805.0,36086.0,39992.0,39673.0,40863.0,45036.0,44442.0,49283.0,52784.0,56011.0
Canada,170692.0,202829.0,207789.0,214677.0,238664.0,276064.0,307246.0,314639.0,341863.0,356728.0,366184.0,379015.0,433140.0,509380.0,567225.0,596089.0,612514.0,594376.0,579059.0,579913.0,605941.0,630598.0,655010.0,634004.0,678417.0,744631.0,738968.0,760149.0,895599.0,1026473.0,1173505.0,1319356.0,1468896.0,1552864.0,1376509.0,1617345.0,1793327.0,1828362.0,1846595.0,1805751.0,1556508.0,1527996.0,1649266.0,1725300.0,1743725.0,1655685.0,2022382.0,2190411.0,2173340.0,2241253.0,2225341.0
Cape Verde,118.0,110.0,103.0,119.0,127.0,157.0,187.0,149.0,144.0,146.0,164.0,212.0,264.0,322.0,332.0,413.0,443.0,479.0,431.0,450.0,570.0,611.0,609.0,648.0,693.0,699.0,791.0,867.0,1105.0,1263.0,1395.0,1452.0,1650.0,1960.0,1852.0,1825.0,2047.0,1913.0,2029.0,2042.0,1750.0,1850.0,1997.0,2205.0,2251.0,1831.0,2053.0,2309.0,2588.0,2726.0,2786.0
Central African Republic,528.0,629.0,708.0,852.0,977.0,714.0,743.0,719.0,690.0,670.0,883.0,1158.0,1275.0,1372.0,1354.0,1572.0,1498.0,1494.0,1309.0,858.0,1117.0,1000.0,979.0,1036.0,1039.0,868.0,899.0,983.0,1188.0,1310.0,1413.0,1538.0,1755.0,2033.0,2059.0,2141.0,2435.0,2512.0,1692.0,1896.0,1696.0,1825.0,2072.0,2280.0,2279.0,2389.0,2585.0,2460.0,2602.0,2831.0,2932.0
Chad,876.0,823.0,832.0,991.0,894.0,958.0,1133.0,1095.0,1096.0,1177.0,1275.0,1570.0,1780.0,2081.0,1966.0,2369.0,2347.0,2446.0,2138.0,1732.0,2123.0,2360.0,2268.0,2561.0,2256.0,2039.0,2512.0,2928.0,4025.0,6490.0,8660.0,9710.0,10867.0,13384.0,12304.0,14070.0,16682.0,17904.0,17866.0,18149.0,14561.0,13023.0,13344.0,15334.0,14906.0,14954.0,16881.0,17867.0,18343.0,19078.0,18792.0
Chile,7941.0,10843.0,14699.0,16940.0,22806.0,29032.0,34374.0,25630.0,20819.0,20246.0,17360.0,18662.0,22010.0,25947.0,29889.0,33231.0,38249.0,46597.0,49855.0,57517.0,74119.0,78575.0,85730.0,81996.0,75596.0,78250.0,71517.0,70295.0,76508.0,99079.0,122315.0,153840.0,172565.0,179663.0,171794.0,217105.0,251225.0,267165.0,277218.0,259394.0,242515.0,249306.0,276357.0,295428.0,278040.0,254060.0,315411.0,301270.0,335627.0,330210.0,343823.0
China,160340.0,150854.0,171467.0,214160.0,263190.0,303550.0,289215.0,285139.0,306013.0,314832.0,310709.0,301471.0,328305.0,409363.0,458985.0,397359.0,415946.0,495515.0,621918.0,566297.0,737654.0,868770.0,967886.0,1035510.0,1101134.0,1220337.0,1351372.0,1486618.0,1680942.0,1978937.0,2325515.0,2797286.0,3612210.0,4653314.0,5176180.0,6138992.0,7624861.0,8682939.0,9782784.0,10701415.0,11307226.0,11448003.0,12503299.0,14110963.0,14572410.0,15103357.0,18190803.0,18307816.0,18270351.0,18748009.0,19231705.0
Colombia,18508.0,21674.0,27519.0,32864.0,39497.0,46501.0,50661.0,54252.0,53920.0,53257.0,48581.0,48648.0,50640.0,54592.0,55048.0,56071.0,57954.0,68579.0,77721.0,97665.0,110564.0,116130.0,127490.0,117725.0,103132.0,99270.0,97606.0,97353.0,94072.0,116382.0,145600.0,161793.0,206230.0,242504.0,232469.0,286499.0,334966.0,370692.0,382094.0,381241.0,293493.0,282720.0,311890.0,334124.0,323055.0,270348.0,318525.0,345632.0,366292.0,418542.0,427766.0
Comoros,60.0,59.0,65.0,85.0,113.0,243.0,213.0,202.0,196.0,189.0,192.0,258.0,313.0,336.0,329.0,402.0,401.0,437.0,428.0,315.0,393.0,392.0,363.0,364.0,372.0,340.0,373.0,427.0,547.0,622.0,656.0,689.0,796.0,916.0,904.0,909.0,1023.0,1016.0,1116.0,1150.0,966.0,1013.0,1077.0,1179.0,1188.0,1218.0,1273.0,1223.0,1335.0,1456.0,1548.0
Costa Rica,2492.0,3065.0,3904.0,4477.0,5127.0,4854.0,2636.0,2619.0,3162.0,3678.0,3941.0,4425.0,4554.0,4636.0,5250.0,5737.0,7197.0,8566.0,9586.0,10489.0,11578.0,11683.0,12618.0,13688.0,14259.0,15016.0,15979.0,16584.0,17277.0,18615.0,20049.0,22717.0,26885.0,30802.0,30746.0,37656.0,42762.0,47231.0,50949.0,52017.0,56442.0,58847.0,60517.0,62422.0,64412.0,62382.0,64954.0,69235.0,86509.0,95365.0,102591.0
Croatia,,,,,,,,,,,,,,,,,,568.0,7358.0,16669.0,20657.0,22104.0,22101.0,23971.0,23593.0,22145.0,23067.0,26739.0,35239.0,41820.0,45035.0,49593.0,59303.0,68469.0,62255.0,59032.0,62889.0,57585.0,59854.0,59628.0,51012.0,52640.0,56166.0,61694.0,61472.0,57919.0,69055.0,71260.0,84416.0,92506.0,98951.0
Cuba,13027.0,13790.0,14206.0,17845.0,19584.0,,,,,,,,,,,,,,,,,,,,,,,,,,,,,,,,,,,,,,,,,,,,,,
Cyprus,728.0,842.0,1073.0,1404.0,1840.0,2314.0,2242.0,2319.0,2321.0,2447.0,2611.0,3317.0,3979.0,4589.0,4901.0,6003.0,6195.0,7424.0,7098.0,8004.0,9937.0,10016.0,9544.0,10251.0,10502.0,9988.0,10397.0,11422.0,14552.0,17328.0,18713.0,20422.0,24082.0,27955.0,26020.0,25821.0,27637.0,25063.0,23960.0,23232.0,19911.0,21041.0,22938.0,25766.0,26200.0,25535.0,30393.0,31001.0,33897.0,36156.0,38736.0
Czech Republic,,,,,,,,,,,,,,,,,,,,,60565.0,67805.0,62530.0,67161.0,65586.0,62171.0,68136.0,82596.0,100471.0,120148.0,137264.0,156236.0,189845.0,236820.0,207095.0,211169.0,231429.0,210363.0,213024.0,210911.0,189108.0,198161.0,221564.0,251992.0,256794.0,251110.0,290973.0,301831.0,343207.0,344931.0,360244.0
Czechoslovakia,27300.0,26914.0,38583.0,42501.0,45672.0,,,,,,,,,,,,,,,,,,,,,,,,,,,,,,,,,,,,,,,,,,,,,,
DR Congo,6138.0,5786.0,7401.0,10507.0,10297.0,68606.0,59726.0,64939.0,52378.0,34951.0,31943.0,35840.0,33932.0,39314.0,40006.0,41448.0,40250.0,36333.0,47450.0,25746.0,25021.0,32099.0,28819.0,21089.0,19147.0,19077.0,7246.0,8720.0,9022.0,10275.0,12720.0,15403.0,18598.0,22665.0,18626.0,22340.0,26406.0,30074.0,34908.0,38355.0,40154.0,38086.0,39461.0,48037.0,50891.0,49613.0,55327.0,63324.0,64402.0,71011.0,79119.0
Denmark,39594.0,43676.0,48855.0,59296.0,69161.0,70811.0,61460.0,60084.0,60331.0,58869.0,62452.0,87749.0,109183.0,115540.0,112312.0,138219.0,139182.0,152966.0,143110.0,156019.0,184850.0,187482.0,173242.0,176876.0,177887.0,164043.0,164881.0,178788.0,218422.0,251988.0,265150.0,283387.0,320213.0,354977.0,322621.0,322346.0,344316.0,326793.0,344631.0,352833.0,301759.0,312182.0,331611.0,355293.0,345402.0,355631.0,408378.0,401946.0,407092.0,429458.0,449940.0
Djibouti,157.0,187.0,201.0,221.0,264.0,,,,,,,,,,,,650.0,672.0,655.0,691.0,699.0,694.0,706.0,722.0,759.0,781.0,811.0,837.0,882.0,936.0,996.0,1080.0,1191.0,1382.0,1426.0,1544.0,1740.0,1901.0,2044.0,2221.0,2424.0,2605.0,2763.0,2913.0,3089.0,3144.0,3393.0,3563.0,3917.0,4257.0,4587.0
Dominica,40.0,39.0,44.0,54.0,53.0,73.0,82.0,90.0,99.0,109.0,119.0,135.0,152.0,171.0,185.0,201.0,220.0,234.0,246.0,264.0,275.0,292.0,303.0,322.0,332.0,333.0,340.0,333.0,343.0,367.0,364.0,390.0,421.0,458.0,489.0,494.0,501.0,486.0,498.0,520.0,541.0,576.0,522.0,555.0,612.0,504.0,555.0,607.0,654.0,697.0,742.0
Dominican Republic,4439.0,4874.0,5658.0,5839.0,6782.0,8672.0,9698.0,9141.0,9461.0,14870.0,6496.0,7891.0,8305.0,7605.0,8589.0,7995.0,9887.0,11605.0,13081.0,14645.0,16637.0,18242.0,20017.0,21672.0,22137.0,24306.0,25602.0,27249.0,21518.0,22506.0,35948.0,37998.0,44067.0,48174.0,48281.0,53862.0,58006.0,60627.0,62631.0,67098.0,71056.0,75625.0,79153.0,85068.0,89237.0,78625.0,95067.0,113813.0,120794.0,124613.0,127828.0
Ecuador,4536.0,5596.0,7005.0,8056.0,9851.0,16116.0,16501.0,16474.0,14478.0,15408.0,18020.0,13222.0,12355.0,11749.0,11531.0,11710.0,13139.0,14367.0,16783.0,20238.0,21980.0,23001.0,25847.0,26292.0,18891.0,17531.0,23127.0,27054.0,30965.0,35195.0,40279.0,45691.0,49849.0,61139.0,60095.0,68151.0,78987.0,87735.0,96570.0,102718.0,97210.0,97671.0,104467.0,107479.0,107596.0,95865.0,107179.0,116133.0,121147.0,121728.0,125677.0
Egypt,12678.0,14974.0,19136.0,23432.0,15616.0,23523.0,25760.0,30479.0,37254.0,41888.0,48841.0,54076.0,77359.0,92530.0,115362.0,96087.0,48431.0,44168.0,49526.0,54550.0,63250.0,71118.0,79777.0,89189.0,95039.0,104752.0,102273.0,90261.0,85163.0,82855.0,94127.0,112902.0,137055.0,170797.0,198316.0,230024.0,247726.0,294482.0,303194.0,321634.0,350119.0,351443.0,246826.0,263156.0,317894.0,382525.0,423300.0,475231.0,393828.0,383109.0,347342.0
El Salvador,589.0,751.0,943.0,1012.0,1132.0,3912.0,3449.0,3406.0,3261.0,2385.0,2319.0,2335.0,2374.0,2771.0,3167.0,4818.0,5252.0,5813.0,6680.0,7679.0,8922.0,9586.0,10222.0,10937.0,11284.0,11785.0,12283.0,12664.0,13244.0,13725.0,14698.0,16000.0,17012.0,17987.0,17602.0,18448.0,20284.0,21386.0,21991.0,22593.0,23438.0,24191.0,24979.0,26021.0,26881.0,24921.0,29043.0,31989.0,34016.0,35337.0,36749.0
Equatorial Guinea,34.0,35.0,39.0,44.0,50.0,32.0,30.0,35.0,40.0,44.0,74.0,91.0,111.0,119.0,105.0,133.0,132.0,160.0,162.0,120.0,169.0,276.0,526.0,440.0,738.0,1159.0,1674.0,2070.0,3733.0,5935.0,8191.0,10096.0,13091.0,19828.0,15072.0,16328.0,21354.0,22403.0,21949.0,21771.0,13187.0,11238.0,12197.0,13309.0,11365.0,9908.0,12222.0,13717.0,12339.0,12544.0,12684.0
Eritrea,,,,,,,,,,,,,,,,,,606.0,374.0,433.0,483.0,579.0,594.0,626.0,614.0,547.0,582.0,564.0,673.0,858.0,850.0,937.0,1020.0,923.0,1297.0,1590.0,2065.0,2255.0,1958.0,2604.0,2016.0,2213.0,1904.0,2006.0,1982.0,1982.0,,,,,
Estonia,,,,,,,,,,,,,,,,,,,1791.0,2507.0,3909.0,4785.0,5160.0,5678.0,5771.0,5707.0,6265.0,7393.0,9894.0,12161.0,14129.0,17049.0,22478.0,24434.0,19694.0,19569.0,23300.0,23252.0,25451.0,27063.0,23314.0,24554.0,27460.0,31237.0,31877.0,31795.0,37229.0,38406.0,41303.0,42752.0,45004.0
Eswatini,329.0,309.0,346.0,387.0,469.0,754.0,798.0,714.0,734.0,628.0,497.0,635.0,831.0,986.0,1006.0,1237.0,1285.0,1425.0,1497.0,1621.0,1932.0,1830.0,1957.0,1797.0,1764.0,1739.0,1544.0,1436.0,2198.0,2774.0,3177.0,3293.0,3465.0,3298.0,3596.0,4438.0,4826.0,4887.0,4600.0,4426.0,4061.0,3815.0,4407.0,4667.0,4495.0,3984.0,4851.0,4791.0,4858.0,5199.0,5483.0
Ethiopia,3828.0,4160.0,4730.0,5034.0,5533.0,7385.0,7578.0,7973.0,8863.0,8375.0,9808.0,10188.0,10890.0,11285.0,11872.0,12595.0,13928.0,14696.0,9143.0,8135.0,7887.0,8794.0,8621.0,7815.0,7515.0,8167.0,8103.0,7828.0,8604.0,10122.0,12387.0,15310.0,19329.0,26250.0,28672.0,26887.0,30480.0,42221.0,46544.0,54165.0,63081.0,72120.0,76841.0,80207.0,92608.0,96611.0,99261.0,118958.0,159761.0,143123.0,117457.0
Federated States of Micronesia,,,,,,,,,,,,,,,,,,,,,222.0,221.0,207.0,219.0,220.0,233.0,240.0,240.0,243.0,236.0,247.0,250.0,253.0,261.0,277.0,292.0,308.0,324.0,314.0,316.0,312.0,327.0,361.0,394.0,395.0,373.0,392.0,416.0,444.0,471.0,500.0
Fiji,691.0,702.0,727.0,838.0,1030.0,1303.0,1339.0,1293.0,1217.0,1276.0,1236.0,1398.0,1276.0,1202.0,1281.0,1448.0,1500.0,1659.0,1772.0,1977.0,2134.0,2307.0,2268.0,1795.0,2104.0,1824.0,1798.0,1996.0,2509.0,2954.0,3257.0,3361.0,3688.0,3816.0,3106.0,3402.0,4094.0,4303.0,4539.0,4857.0,4682.0,4930.0,5353.0,5581.0,5444.0,4432.0,4305.0,4970.0,5442.0,5949.0,6257.0
Finland,29122.0,31469.0,33102.0,35826.0,43934.0,53714.0,52620.0,53111.0,51056.0,53032.0,56223.0,73652.0,91775.0,109255.0,119106.0,141726.0,128215.0,113139.0,89177.0,103621.0,134210.0,132046.0,127027.0,134164.0,135369.0,126023.0,129521.0,140262.0,171570.0,197369.0,204973.0,217056.0,256390.0,285667.0,253206.0,249633.0,275079.0,257606.0,270272.0,273549.0,233234.0,238712.0,253757.0,273993.0,267044.0,269784.0,294419.0,280474.0,295036.0,298833.0,303945.0
France,355617.0,367273.0,405397.0,500052.0,605041.0,695475.0,612552.0,581254.0,555956.0,526671.0,551596.0,766302.0,927257.0,1012843.0,1017702.0,1260874.0,1263244.0,1392563.0,1315795.0,1388477.0,1596250.0,1599248.0,1451058.0,1498974.0,1488392.0,1361560.0,1370386.0,1491373.0,1834637.0,2108835.0,2193358.0,2317985.0,2656130.0,2926483.0,2697144.0,2648391.0,2869903.0,2684706.0,2816119.0,2861973.0,2442731.0,2469726.0,2587955.0,2782838.0,2723094.0,2645806.0,2968405.0,2797049.0,3056880.0,3162023.0,3211292.0
Gabon,2641.0,3684.0,3439.0,2925.0,3709.0,4559.0,4111.0,3853.0,3689.0,3547.0,3736.0,4889.0,3699.0,4079.0,4458.0,6339.0,5754.0,5955.0,5757.0,4463.0,5281.0,6064.0,5673.0,4774.0,4966.0,5397.0,5023.0,5332.0,6510.0,7767.0,9468.0,10164.0,12457.0,15570.0,12188.0,14384.0,18207.0,17181.0,17596.0,18209.0,14385.0,14020.0,14924.0,16830.0,16875.0,15364.0,19455.0,20485.0,20059.0,20774.0,20391.0
Gambia,352.0,323.0,342.0,406.0,445.0,606.0,580.0,547.0,550.0,396.0,482.0,376.0,504.0,585.0,614.0,721.0,760.0,820.0,878.0,870.0,909.0,949.0,983.0,1009.0,1036.0,1010.0,1002.0,887.0,843.0,962.0,1028.0,1054.0,1280.0,1562.0,1450.0,1543.0,1410.0,1415.0,1376.0,1229.0,1355.0,1470.0,1498.0,1662.0,1806.0,1809.0,2045.0,2135.0,2345.0,2558.0,2771.0
Georgia,,,,,,,,,,,,,,,,,,,,850.0,1961.0,3148.0,3608.0,3730.0,2898.0,3144.0,3311.0,3493.0,4103.0,5269.0,6590.0,7979.0,10458.0,13158.0,11069.0,12425.0,15475.0,16894.0,17516.0,17966.0,15223.0,15445.0,16472.0,17905.0,17645.0,16013.0,18849.0,24985.0,30778.0,33775.0,35353.0
Germany,474785.0,502961.0,581104.0,716567.0,852855.0,856833.0,720895.0,696088.0,694447.0,654289.0,663459.0,947583.0,1179165.0,1271263.0,1262000.0,1604497.0,1882489.0,2146140.0,2080092.0,2220165.0,2595269.0,2507448.0,2221504.0,2250847.0,2216072.0,1967850.0,1966395.0,2100865.0,2534081.0,2851023.0,2894992.0,3046470.0,3484467.0,3808369.0,3476022.0,3470987.0,3824155.0,3600175.0,3808142.0,3966823.0,3423915.0,3536808.0,3761764.0,4053846.0,3957645.0,3936989.0,4351188.0,4166872.0,4527009.0,4658526.0,4744804.0
Ghana,3490.0,3559.0,3872.0,4495.0,4748.0,38684.0,61487.0,70954.0,49337.0,17998.0,15970.0,15086.0,12692.0,13566.0,13723.0,15882.0,17795.0,17666.0,14532.0,13433.0,15692.0,16629.0,17024.0,18528.0,19165.0,12349.0,13113.0,15229.0,18790.0,21754.0,26415.0,30963.0,36544.0,41323.0,37127.0,45447.0,53625.0,55800.0,62846.0,54678.0,49437.0,56144.0,60385.0,67259.0,68353.0,70008.0,79514.0,73919.0,80547.0,82825.0,88332.0
Greece,27212.0,29715.0,34493.0,42200.0,51954.0,56217.0,51873.0,54114.0,48913.0,47657.0,47269.0,55636.0,64769.0,75384.0,78148.0,96601.0,104164.0,114846.0,107505.0,115055.0,135036.0,142513.0,138930.0,139821.0,143693.0,127438.0,132051.0,150148.0,196881.0,234873.0,242450.0,269088.0,314264.0,351083.0,326474.0,296660.0,283178.0,238992.0,236560.0,233972.0,194587.0,193044.0,200310.0,213396.0,207329.0,191210.0,218449.0,219053.0,243569.0,257067.0,267348.0
Grenada,44.0,44.0,50.0,64.0,75.0,111.0,116.0,125.0,132.0,146.0,168.0,188.0,215.0,236.0,267.0,278.0,301.0,310.0,310.0,325.0,342.0,367.0,392.0,446.0,482.0,520.0,520.0,540.0,591.0,599.0,695.0,699.0,759.0,826.0,771.0,771.0,779.0,800.0,843.0,911.0,997.0,1062.0,1126.0,1167.0,1213.0,1043.0,1123.0,1231.0,1325.0,1392.0,1464.0
Guatemala,3250.0,3892.0,4886.0,5412.0,6154.0,7718.0,8431.0,8539.0,8864.0,9276.0,10951.0,5921.0,6857.0,7426.0,8561.0,7535.0,9174.0,10138.0,11045.0,12482.0,14050.0,14992.0,16982.0,18461.0,17422.0,18124.0,19735.0,21924.0,23092.0,24977.0,28179.0,31308.0,35028.0,40242.0,37997.0,41493.0,47419.0,49902.0,52989.0,57835.0,62180.0,66034.0,71624.0,73331.0,77156.0,77718.0,86467.0,95631.0,104436.0,112575.0,121177.0
Guinea,926.0,1056.0,1085.0,1241.0,1328.0,2400.0,2381.0,2335.0,2284.0,2327.0,2473.0,2675.0,2840.0,3317.0,3384.0,3710.0,4195.0,4570.0,4562.0,4707.0,5139.0,5316.0,5212.0,5003.0,4798.0,4039.0,3806.0,4022.0,4759.0,5012.0,4506.0,4178.0,6317.0,6966.0,6753.0,6858.0,6775.0,7387.0,8376.0,8777.0,8790.0,8604.0,10325.0,11857.0,13443.0,14089.0,16320.0,19589.0,22750.0,25758.0,30094.0
Guinea-Bissau,556.0,500.0,430.0,497.0,544.0,289.0,370.0,421.0,475.0,330.0,485.0,474.0,401.0,374.0,449.0,548.0,772.0,846.0,653.0,361.0,778.0,741.0,704.0,592.0,580.0,392.0,413.0,466.0,553.0,582.0,640.0,635.0,753.0,953.0,889.0,941.0,1157.0,1050.0,1110.0,1136.0,1153.0,1245.0,1469.0,1555.0,1487.0,1523.0,1722.0,1721.0,2005.0,2184.0,2274.0
Guyana,804.0,711.0,703.0,793.0,829.0,842.0,808.0,692.0,703.0,654.0,697.0,789.0,728.0,828.0,832.0,685.0,744.0,823.0,1003.0,1176.0,1332.0,1495.0,1587.0,1500.0,1488.0,1497.0,1504.0,1555.0,1592.0,1657.0,1712.0,1899.0,2225.0,2491.0,2596.0,2889.0,3328.0,4063.0,4168.0,4128.0,4280.0,4483.0,4748.0,4788.0,5174.0,5471.0,8041.0,14718.0,16919.0,24659.0,25822.0
Haiti,681.0,879.0,947.0,974.0,1081.0,2664.0,2932.0,3050.0,3273.0,3627.0,4028.0,4475.0,2205.0,1450.0,1340.0,1706.0,1530.0,918.0,1107.0,3054.0,4846.0,5000.0,5748.0,6408.0,7148.0,6810.0,6285.0,6064.0,4866.0,6037.0,7186.0,7507.0,9522.0,10488.0,11598.0,11852.0,13009.0,13709.0,14904.0,15137.0,14831.0,13996.0,15036.0,16454.0,14787.0,14508.0,21017.0,19826.0,19603.0,26229.0,33548.0
Honduras,1341.0,1608.0,1992.0,2302.0,2686.0,3968.0,4044.0,4267.0,4477.0,4915.0,5278.0,5678.0,6191.0,6877.0,7877.0,4923.0,4649.0,4944.0,4961.0,4642.0,5415.0,5217.0,5736.0,6366.0,6417.0,7104.0,7568.0,7775.0,8139.0,8769.0,9672.0,10843.0,12276.0,13789.0,14486.0,15730.0,17590.0,18399.0,18370.0,19617.0,20834.0,21564.0,22982.0,23907.0,24711.0,23190.0,27950.0,31233.0,34229.0,36965.0,38172.0
Hong Kong,10044.0,12873.0,15706.0,18297.0,22495.0,28862.0,31055.0,32291.0,29907.0,33511.0,35700.0,41076.0,50623.0,59708.0,68790.0,76929.0,88960.0,104272.0,120354.0,135812.0,144652.0,159718.0,177349.0,168858.0,165734.0,171643.0,169381.0,166336.0,161370.0,169085.0,181556.0,193515.0,211583.0,219279.0,214048.0,228639.0,248514.0,262629.0,275697.0,291460.0,309386.0,320860.0,341271.0,361731.0,363075.0,344941.0,368954.0,358680.0,381066.0,407107.0,423999.0
Hungary,12387.0,14354.0,16031.0,18741.0,21639.0,23117.0,23706.0,24142.0,21910.0,21243.0,21511.0,24778.0,27233.0,29800.0,30423.0,34478.0,34867.0,38857.0,40256.0,43308.0,46578.0,46834.0,47399.0,48784.0,49160.0,47276.0,53800.0,67636.0,85190.0,104015.0,113098.0,115604.0,140123.0,158228.0,130807.0,131899.0,141713.0,128470.0,135646.0,141129.0,125244.0,128984.0,143335.0,161185.0,164927.0,158468.0,183283.0,178321.0,214098.0,223060.0,237070.0
Iceland,1386.0,1645.0,2176.0,2475.0,2811.0,3434.0,3543.0,3251.0,2793.0,2892.0,3009.0,4014.0,5561.0,6145.0,5700.0,6504.0,6949.0,7105.0,6225.0,6393.0,7124.0,7426.0,7570.0,8504.0,8982.0,9026.0,8235.0,9318.0,11429.0,13825.0,16853.0,17465.0,21653.0,18075.0,13154.0,13751.0,15222.0,14752.0,16125.0,17868.0,17517.0,20793.0,24728.0,26261.0,24681.0,21630.0,25770.0,28696.0,31452.0,33463.0,35309.0
India,100437.0,101196.0,117421.0,135833.0,150317.0,186170.0,193153.0,200035.0,218218.0,211843.0,233520.0,248398.0,278864.0,294479.0,296043.0,320979.0,270105.0,288210.0,279295.0,327275.0,360281.0,392902.0,415895.0,421378.0,458821.0,468396.0,485440.0,514938.0,607701.0,709152.0,820385.0,940260.0,1216736.0,1198895.0,1341889.0,1675615.0,1823052.0,1827637.0,1856721.0,2039127.0,2103588.0,2294797.0,2651474.0,2702930.0,2835606.0,2674852.0,3167271.0,3346107.0,3638490.0,3909097.0,4187017.0
Indonesia,33472.0,40948.0,50331.0,56535.0,56473.0,99296.0,110848.0,113799.0,103149.0,107218.0,107062.0,101220.0,95214.0,107279.0,122582.0,138258.0,154558.0,168280.0,190913.0,213727.0,244227.0,274722.0,260680.0,115323.0,169158.0,179482.0,174507.0,212807.0,255346.0,279344.0,310920.0,396518.0,470092.0,558291.0,578577.0,755094.0,892969.0,917870.0,912524.0,890815.0,860854.0,931877.0,1015619.0,1042272.0,1119100.0,1059055.0,1186510.0,1319101.0,1371169.0,1396300.0,1429743.0
Iran,48877.0,63404.0,74362.0,73233.0,85610.0,95846.0,101481.0,125800.0,156927.0,161721.0,180541.0,208928.0,277019.0,311932.0,379427.0,581008.0,304065.0,50472.0,64449.0,79818.0,114941.0,158032.0,184138.0,205000.0,275092.0,366917.0,330978.0,132682.0,158416.0,188961.0,228428.0,272361.0,360928.0,425699.0,440408.0,517899.0,625430.0,421882.0,428321.0,460809.0,408288.0,458042.0,486829.0,332846.0,241658.0,195528.0,289294.0,376254.0,372820.0,401357.0,341013.0
Iraq,4845.0,6178.0,6693.0,8468.0,11371.0,,,,,,,,,,,,,,,,,,,,,25984.0,21113.0,21063.0,15800.0,36642.0,50065.0,65144.0,88833.0,131614.0,111660.0,138517.0,185750.0,218032.0,234638.0,234651.0,177634.0,168429.0,190048.0,230189.0,236682.0,182576.0,210753.0,288059.0,270799.0,277478.0,258020.0
Ireland,9279.0,9285.0,10972.0,14254.0,18023.0,21425.0,20423.0,21313.0,20618.0,19883.0,21168.0,28516.0,33660.0,36875.0,38030.0,48199.0,48840.0,54911.0,51364.0,55843.0,69260.0,75928.0,82957.0,90305.0,98993.0,100253.0,109347.0,128505.0,164630.0,194283.0,211993.0,232193.0,270112.0,275417.0,236187.0,222167.0,241295.0,227415.0,243305.0,266857.0,302422.0,305649.0,348411.0,395641.0,407170.0,436205.0,531660.0,549003.0,551554.0,577216.0,598840.0
Israel,14502.0,15243.0,16495.0,16232.0,20891.0,25071.0,26565.0,28470.0,31752.0,30059.0,27938.0,34394.0,41080.0,50888.0,51777.0,61097.0,69307.0,77446.0,77837.0,88852.0,105553.0,115181.0,119516.0,120586.0,121425.0,136516.0,134990.0,125339.0,131544.0,140162.0,147442.0,159076.0,184706.0,221231.0,213401.0,239679.0,268095.0,263591.0,298479.0,315019.0,303469.0,321941.0,358453.0,376301.0,400648.0,410771.0,489854.0,525183.0,512185.0,540381.0,583361.0
Italy,220469.0,217583.0,249389.0,305032.0,381143.0,479967.0,435267.0,430169.0,446399.0,441048.0,455457.0,645071.0,809632.0,897006.0,932931.0,1164328.0,1229898.0,1305099.0,1049470.0,1082455.0,1177984.0,1315136.0,1246340.0,1274381.0,1256251.0,1150169.0,1172049.0,1280841.0,1582534.0,1811987.0,1866013.0,1958667.0,2222785.0,2417242.0,2207085.0,2146687.0,2306568.0,2099259.0,2153259.0,2173815.0,1845615.0,1886590.0,1970027.0,2100387.0,2019831.0,1905956.0,2180656.0,2105722.0,2305271.0,2372059.0,2422855.0
Ivory Coast,3894.0,4662.0,6265.0,7901.0,9142.0,13877.0,11502.0,10320.0,9312.0,9284.0,9470.0,12675.0,13944.0,14092.0,13487.0,14923.0,14504.0,15416.0,15268.0,11492.0,15205.0,16780.0,16203.0,17433.0,17114.0,14851.0,15485.0,17148.0,21206.0,22924.0,23626.0,24628.0,28158.0,33621.0,33693.0,34431.0,35529.0,37030.0,43228.0,48882.0,45815.0,48408.0,52512.0,58522.0,60383.0,63119.0,72833.0,71075.0,79630.0,87096.0,94483.0
Jamaica,3251.0,3371.0,3694.0,3006.0,2765.0,2565.0,2817.0,3235.0,2875.0,2119.0,1993.0,2369.0,2672.0,3184.0,3692.0,4663.0,4285.0,4328.0,5440.0,5453.0,6549.0,7394.0,8400.0,8787.0,8887.0,9065.0,9195.0,9719.0,9430.0,10175.0,11233.0,11946.0,12881.0,13743.0,12107.0,13193.0,14413.0,14765.0,14213.0,13865.0,14154.0,14108.0,14755.0,15648.0,15808.0,13885.0,14674.0,17003.0,19315.0,20069.0,21411.0
Japan,512861.0,576406.0,709405.0,996742.0,1037453.0,1129378.0,1245221.0,1158731.0,1270860.0,1345825.0,1427020.0,2120084.0,2580749.0,3125725.0,3109455.0,3185904.0,3648066.0,3980703.0,4536941.0,4998798.0,5545566.0,4923393.0,4492449.0,4098363.0,4635982.0,4968360.0,4374710.0,4182845.0,4519564.0,4893135.0,4831467.0,4601663.0,4579750.0,5106679.0,5289494.0,5759072.0,6233148.0,6272362.0,5212328.0,4896995.0,4444931.0,5003678.0,4930837.0,5040881.0,5117995.0,5054069.0,5039148.0,4262146.0,4213167.0,4026211.0,4186431.0
Jordan,1220.0,1574.0,1937.0,2562.0,3103.0,3932.0,4416.0,4713.0,4953.0,5003.0,5033.0,6445.0,6794.0,6364.0,4279.0,4187.0,4373.0,5403.0,5615.0,6321.0,6759.0,7054.0,7389.0,8163.0,8414.0,8725.0,9268.0,9972.0,10575.0,11771.0,13134.0,15795.0,17957.0,22648.0,24538.0,27134.0,29524.0,31679.0,34503.0,36900.0,38642.0,39949.0,41667.0,43432.0,44566.0,43762.0,46362.0,48722.0,51161.0,53428.0,56102.0
Kazakhstan,,,,,,,,,,,,,,,,,,2875.0,5152.0,11881.0,16639.0,21035.0,22166.0,22135.0,16871.0,18292.0,22153.0,24637.0,30834.0,43152.0,57125.0,81003.0,104850.0,133442.0,115309.0,148047.0,192626.0,207999.0,236635.0,221416.0,184388.0,137278.0,166806.0,179340.0,181667.0,171082.0,197112.0,225496.0,261840.0,284810.0,300538.0
Kenya,4206.0,4483.0,5794.0,6860.0,7869.0,13449.0,12667.0,12196.0,11279.0,11703.0,11646.0,13832.0,15163.0,15721.0,15586.0,16219.0,15315.0,15084.0,10479.0,12546.0,15905.0,18064.0,18300.0,20630.0,18594.0,18206.0,18697.0,19030.0,21391.0,22790.0,26307.0,29668.0,36708.0,41058.0,42347.0,45406.0,46555.0,56407.0,61703.0,68395.0,70370.0,74816.0,81965.0,92211.0,100328.0,100912.0,109875.0,114733.0,108747.0,120899.0,131673.0
Kiribati,80.0,60.0,56.0,65.0,62.0,33.0,35.0,33.0,31.0,34.0,26.0,26.0,30.0,38.0,38.0,37.0,41.0,62.0,59.0,67.0,69.0,81.0,80.0,75.0,77.0,75.0,65.0,75.0,97.0,104.0,114.0,112.0,138.0,150.0,142.0,166.0,196.0,207.0,202.0,201.0,192.0,207.0,223.0,234.0,217.0,222.0,285.0,271.0,289.0,308.0,312.0
Kosovo,,,,,,,,,,,,,,,,,,,,,,,,,,2217.0,2509.0,2730.0,3390.0,3710.0,3828.0,4019.0,4868.0,5202.0,5030.0,5348.0,6340.0,6167.0,6735.0,7076.0,6296.0,6681.0,7178.0,7882.0,7900.0,7728.0,9418.0,9375.0,10470.0,11151.0,11274.0
Kuwait,12016.0,13120.0,14140.0,15502.0,24750.0,,25249.0,21583.0,20871.0,21700.0,21445.0,17904.0,22368.0,20690.0,24313.0,18239.0,10791.0,19871.0,23955.0,24859.0,27186.0,31491.0,30350.0,25941.0,30126.0,37714.0,34906.0,38129.0,47869.0,59439.0,80799.0,101548.0,114608.0,147391.0,105992.0,115401.0,154020.0,174066.0,174179.0,162695.0,114606.0,109399.0,120688.0,138655.0,140855.0,111048.0,148455.0,183977.0,163716.0,158568.0,153101.0
Kyrgyzstan,,,,,,,,,,,,,,,,,,917.0,665.0,1108.0,1493.0,1822.0,1767.0,1630.0,1242.0,1368.0,1525.0,1606.0,1920.0,2214.0,2459.0,2837.0,3807.0,5139.0,4690.0,4794.0,6198.0,6604.0,7335.0,7467.0,6678.0,6813.0,7703.0,8271.0,9372.0,8283.0,9256.0,12269.0,15187.0,17491.0,19849.0
Laos,204.0,222.0,231.0,250.0,265.0,1913.0,1118.0,1119.0,2047.0,2930.0,3685.0,2577.0,1815.0,1182.0,1460.0,1742.0,2053.0,2354.0,2652.0,3081.0,3579.0,3726.0,3515.0,1334.0,1415.0,1720.0,1757.0,1844.0,2260.0,2651.0,3079.0,3934.0,4757.0,5946.0,6431.0,7506.0,8964.0,10194.0,11972.0,13266.0,14418.0,15904.0,17055.0,18131.0,18770.0,18511.0,18533.0,15121.0,14978.0,15879.0,16322.0
Latvia,,,,,,,,,,,,,,,,,,1641.0,2643.0,4391.0,5242.0,5799.0,6351.0,6977.0,7325.0,7765.0,8192.0,9256.0,11249.0,13831.0,16332.0,20453.0,29463.0,34296.0,25758.0,23509.0,26832.0,27136.0,29157.0,30285.0,26347.0,27110.0,29381.0,33263.0,33103.0,33353.0,38209.0,38045.0,42584.0,43508.0,45535.0
Lebanon,3258.0,1427.0,2529.0,2977.0,3633.0,4020.0,3843.0,2621.0,3611.0,4269.0,3566.0,2780.0,3254.0,3269.0,2682.0,2801.0,4392.0,5472.0,7435.0,8988.0,10971.0,12824.0,15535.0,17059.0,17174.0,17018.0,17361.0,18837.0,19486.0,21160.0,21497.0,22023.0,24827.0,29119.0,35400.0,38444.0,39927.0,44017.0,46880.0,48095.0,49929.0,51150.0,53030.0,54900.0,50928.0,24976.0,19782.0,24748.0,23607.0,28280.0,
Lesotho,138.0,136.0,178.0,245.0,267.0,428.0,435.0,362.0,401.0,360.0,288.0,331.0,434.0,496.0,519.0,635.0,743.0,863.0,865.0,915.0,1032.0,977.0,1027.0,949.0,937.0,922.0,774.0,856.0,1256.0,1598.0,1730.0,1720.0,1759.0,1652.0,1937.0,2356.0,2571.0,2465.0,2345.0,2477.0,2202.0,2206.0,2424.0,2472.0,2323.0,2092.0,2445.0,2275.0,2213.0,2309.0,2404.0
Liberia,509.0,527.0,590.0,646.0,744.0,,,,,,,,,,,,,,,,,,,,,863.0,904.0,943.0,714.0,897.0,944.0,1109.0,1344.0,1676.0,1765.0,1966.0,2340.0,2675.0,3044.0,3090.0,3092.0,3256.0,3321.0,3264.0,3080.0,3037.0,3509.0,3974.0,4390.0,4818.0,5166.0
Libya,13649.0,17719.0,20809.0,20537.0,28332.0,40190.0,34720.0,34616.0,32988.0,30890.0,30384.0,24756.0,23009.0,25870.0,27446.0,31627.0,34995.0,35459.0,31912.0,29719.0,33739.0,36827.0,37702.0,30921.0,37129.0,39498.0,35206.0,21128.0,27026.0,34054.0,48852.0,60094.0,68211.0,86804.0,60767.0,75381.0,48170.0,92542.0,75355.0,57384.0,48718.0,49913.0,67153.0,76682.0,69237.0,46893.0,35216.0,43281.0,43958.0,42159.0,47484.0
Liechtenstein,246.0,272.0,303.0,437.0,503.0,,,,,,,,,,,,,,,,,,,,,,,,,,,,,,,,,,,,,,,,,,,,,,
Lithuania,,,,,,,,,,,,,,,,,,,,,6742.0,8440.0,10159.0,11284.0,11017.0,11541.0,12260.0,14283.0,18801.0,22710.0,26118.0,30138.0,39765.0,48004.0,37591.0,36693.0,43201.0,42736.0,46321.0,48388.0,41548.0,42952.0,47745.0,54294.0,55132.0,57352.0,67068.0,71082.0,79824.0,84847.0,89192.0
Luxembourg,3097.0,3395.0,3757.0,4679.0,5470.0,6434.0,5549.0,4557.0,4473.0,4385.0,4544.0,6611.0,8211.0,9301.0,9903.0,12628.0,13683.0,15328.0,15714.0,17487.0,20571.0,20464.0,18428.0,19263.0,21088.0,21240.0,21388.0,23633.0,29660.0,35049.0,37693.0,42912.0,51594.0,58838.0,54408.0,56260.0,61685.0,59814.0,65204.0,68823.0,60078.0,62200.0,65689.0,71118.0,69880.0,73612.0,86444.0,80865.0,87599.0,93169.0,96613.0
Macau,436.0,433.0,554.0,723.0,822.0,,,,,,,,,,,,,,,,,,,,,,6860.0,7372.0,8247.0,10643.0,12160.0,14874.0,18440.0,21027.0,21588.0,28242.0,36844.0,43190.0,51536.0,54903.0,45048.0,45071.0,50384.0,55191.0,55082.0,25344.0,30969.0,24998.0,45802.0,50182.0,53354.0
Madagascar,1844.0,1762.0,1905.0,2156.0,2798.0,5202.0,4759.0,4785.0,4686.0,3906.0,3803.0,4348.0,3213.0,3189.0,3176.0,3931.0,3255.0,3715.0,4063.0,3522.0,3838.0,4932.0,4263.0,4402.0,4278.0,4629.0,5438.0,5352.0,6372.0,5065.0,5859.0,6396.0,8525.0,10725.0,9617.0,9983.0,11552.0,11579.0,12424.0,12523.0,11323.0,11849.0,13176.0,13760.0,14105.0,13051.0,14355.0,15326.0,15870.0,17420.0,18708.0
Malawi,845.0,923.0,1111.0,1307.0,1403.0,3022.0,3022.0,2881.0,2986.0,2949.0,2762.0,2883.0,2834.0,3258.0,3715.0,4222.0,5380.0,4394.0,5056.0,2930.0,3412.0,5569.0,6504.0,4275.0,4336.0,4257.0,4178.0,4922.0,4521.0,4895.0,5148.0,5630.0,6240.0,7492.0,8723.0,9796.0,11241.0,8421.0,7648.0,8526.0,9014.0,7733.0,8943.0,9882.0,11031.0,11847.0,12475.0,12531.0,13439.0,11797.0,13959.0
Malaysia,10079.0,11939.0,14196.0,17674.0,22919.0,26757.0,27321.0,29278.0,32745.0,37087.0,34090.0,30303.0,34529.0,37845.0,41678.0,47245.0,53519.0,64427.0,72857.0,81156.0,96606.0,109846.0,109116.0,78639.0,86203.0,102149.0,101054.0,109833.0,120025.0,135869.0,150345.0,170410.0,202732.0,241946.0,211847.0,258640.0,302184.0,318909.0,327869.0,342868.0,301355.0,301256.0,319109.0,358783.0,365178.0,337456.0,373785.0,407605.0,399705.0,419617.0,444984.0
Maldives,48.0,44.0,41.0,47.0,75.0,63.0,73.0,87.0,94.0,113.0,134.0,158.0,149.0,178.0,201.0,231.0,262.0,306.0,346.0,382.0,466.0,527.0,652.0,693.0,756.0,801.0,767.0,828.0,1052.0,1227.0,1163.0,1575.0,1868.0,2272.0,2345.0,2588.0,2629.0,2885.0,3286.0,3690.0,4118.0,4398.0,4809.0,5398.0,5716.0,3706.0,5242.0,6168.0,6581.0,7019.0,7480.0
Mali,604.0,716.0,833.0,965.0,1220.0,2031.0,1660.0,1468.0,1418.0,1416.0,1426.0,1981.0,2308.0,2316.0,2827.0,3223.0,3284.0,3372.0,3362.0,2575.0,3337.0,3416.0,3208.0,3328.0,3444.0,2963.0,3468.0,3905.0,4713.0,5452.0,6251.0,6906.0,8157.0,9871.0,10249.0,10698.0,12993.0,12450.0,13243.0,14369.0,13106.0,14022.0,15360.0,17079.0,17281.0,17491.0,19320.0,19319.0,21184.0,22724.0,23208.0
Malta,475.0,528.0,626.0,794.0,1001.0,,,,,,,,,,,,,,,,3353.0,3419.0,3461.0,3667.0,3827.0,4042.0,4072.0,4462.0,5425.0,6109.0,6392.0,6783.0,7972.0,9171.0,8760.0,9104.0,9788.0,9616.0,10797.0,11891.0,11342.0,12022.0,14156.0,16161.0,16340.0,16397.0,19737.0,19254.0,22217.0,24315.0,25750.0
Marshall Islands,17.0,18.0,20.0,22.0,26.0,,,,,,,,,,,,,,,,,,110.0,112.0,113.0,115.0,123.0,132.0,131.0,133.0,138.0,143.0,150.0,147.0,151.0,161.0,172.0,181.0,186.0,186.0,184.0,202.0,214.0,220.0,233.0,242.0,259.0,253.0,259.0,280.0,297.0
Mauritania,759.0,847.0,871.0,857.0,1069.0,,,,,,,,,,,1793.0,2055.0,2164.0,1847.0,1945.0,2092.0,2132.0,2072.0,2027.0,1986.0,1780.0,1746.0,1777.0,2051.0,2362.0,2936.0,4009.0,4328.0,5138.0,4725.0,5637.0,6782.0,6721.0,7331.0,6615.0,6182.0,6414.0,6826.0,7472.0,7894.0,8464.0,9126.0,9564.0,10649.0,10697.0,11470.0
Mauritius,581.0,722.0,844.0,1041.0,1241.0,1242.0,1179.0,1131.0,1198.0,1108.0,1122.0,1515.0,1919.0,2225.0,2286.0,2743.0,3017.0,3398.0,3502.0,3887.0,4439.0,4590.0,4310.0,4354.0,4597.0,4935.0,4882.0,5123.0,6155.0,6962.0,6867.0,7123.0,8260.0,10125.0,9252.0,10138.0,11673.0,11826.0,12293.0,13074.0,12007.0,12594.0,13714.0,14736.0,14436.0,11408.0,11484.0,12908.0,14101.0,14953.0,15495.0
Mexico,107525.0,108589.0,100097.0,125438.0,164346.0,242153.0,311012.0,225706.0,184010.0,217001.0,230272.0,159434.0,174840.0,213893.0,260663.0,307613.0,368772.0,427661.0,530226.0,553618.0,380182.0,432158.0,523450.0,557485.0,631240.0,742061.0,796055.0,810666.0,765550.0,819459.0,917572.0,1020265.0,1102356.0,1161553.0,943437.0,1105424.0,1229014.0,1255110.0,1327436.0,1364508.0,1213294.0,1112233.0,1190721.0,1256300.0,1304106.0,1121065.0,1316569.0,1466465.0,1793799.0,1852723.0,1692640.0
Moldova,,,,,,,,,,,,,,,,,,864.0,1110.0,1158.0,1441.0,1694.0,1928.0,1697.0,1172.0,1315.0,1481.0,1662.0,1981.0,2598.0,2988.0,3408.0,4401.0,6055.0,5438.0,6977.0,8417.0,8708.0,9496.0,9402.0,7778.0,7981.0,9515.0,11252.0,11737.0,11530.0,13694.0,14493.0,16751.0,18126.0,19462.0
Monaco,712.0,736.0,812.0,1002.0,1212.0,,,,,,,,,,,,,,,,,,,,,,,,,,,,,,,,,,,,,,,,,,,,,,
Mongolia,311.0,342.0,392.0,451.0,510.0,2728.0,2854.0,2963.0,3071.0,2837.0,3294.0,3636.0,4086.0,4104.0,4275.0,2678.0,2821.0,1566.0,771.0,926.0,1452.0,1348.0,1181.0,1125.0,1057.0,1137.0,1268.0,1397.0,1595.0,1992.0,2523.0,3414.0,4235.0,5623.0,4584.0,7185.0,10410.0,12278.0,12582.0,12227.0,11620.0,11154.0,11481.0,13207.0,14206.0,13313.0,15286.0,17146.0,20315.0,23586.0,25804.0
Montenegro,,,,,,,,,,,,,,,,,,,,,,,,,,966.0,1150.0,1269.0,1681.0,2073.0,2261.0,2724.0,3686.0,4564.0,4171.0,4146.0,4544.0,4090.0,4466.0,4595.0,4055.0,4376.0,4855.0,5509.0,5543.0,4777.0,5865.0,6243.0,7532.0,8023.0,8562.0
Morocco,10039.0,10710.0,12347.0,14790.0,17779.0,23807.0,19329.0,19510.0,17635.0,16130.0,16280.0,21497.0,23713.0,28080.0,28901.0,32661.0,34940.0,36483.0,34259.0,38532.0,42238.0,46710.0,42366.0,45243.0,45055.0,42053.0,42704.0,45711.0,56345.0,64528.0,67468.0,74284.0,85539.0,100112.0,100535.0,100881.0,109705.0,106345.0,115608.0,119131.0,110414.0,111573.0,118541.0,127341.0,128920.0,121354.0,142022.0,130952.0,144438.0,155350.0,165835.0
Mozambique,4841.0,4409.0,4463.0,4663.0,4903.0,4615.0,3585.0,3662.0,3280.0,3417.0,4516.0,5301.0,2395.0,2105.0,2199.0,3529.0,3855.0,2799.0,2883.0,2958.0,3062.0,4030.0,4874.0,5551.0,6285.0,5931.0,5650.0,5951.0,6584.0,7937.0,8868.0,9510.0,10811.0,12920.0,12264.0,11412.0,14619.0,16688.0,17198.0,17978.0,16209.0,12069.0,13265.0,15017.0,15513.0,14235.0,16168.0,18884.0,20954.0,21944.0,23771.0
Myanmar,3680.0,4089.0,4191.0,4678.0,5365.0,,,,,,,,,,,,,,,,,,,5122.0,6400.0,7688.0,7087.0,6878.0,8826.0,10688.0,12051.0,13502.0,17745.0,25313.0,30675.0,37851.0,53250.0,58374.0,62656.0,53250.0,57338.0,58808.0,60285.0,67051.0,82568.0,65631.0,58264.0,61723.0,61466.0,61176.0,64944.0
Namibia,1169.0,1123.0,1248.0,1438.0,1777.0,,,,,,,,,,,2568.0,2841.0,3296.0,3156.0,3537.0,3948.0,3954.0,4110.0,3832.0,3824.0,3941.0,3577.0,3396.0,4974.0,6673.0,7324.0,7711.0,8730.0,8496.0,8915.0,11281.0,12423.0,13016.0,12168.0,12434.0,11450.0,10719.0,12883.0,13676.0,12539.0,10583.0,12399.0,12564.0,12402.0,13370.0,14214.0
Nauru,29.0,29.0,28.0,31.0,33.0,,,,,,,,,,,,,,,,,,,,,,,,,32.0,31.0,29.0,25.0,36.0,47.0,50.0,69.0,101.0,89.0,97.0,76.0,100.0,109.0,131.0,125.0,125.0,176.0,152.0,152.0,161.0,169.0
Nepal,1617.0,1494.0,1484.0,1749.0,1987.0,2258.0,2641.0,2669.0,2920.0,3089.0,3208.0,3491.0,3621.0,4270.0,4317.0,4442.0,4861.0,4417.0,4743.0,4954.0,5379.0,5544.0,6027.0,5992.0,6164.0,6537.0,6719.0,6816.0,7218.0,8297.0,9331.0,10316.0,11777.0,14310.0,14663.0,18253.0,21685.0,21703.0,22162.0,22722.0,24361.0,24524.0,28972.0,33112.0,34186.0,33434.0,36927.0,41183.0,40907.0,43419.0,46080.0
Netherlands,93227.0,101716.0,118821.0,145331.0,166432.0,194031.0,162629.0,157560.0,153396.0,142779.0,144859.0,201883.0,247277.0,264596.0,260900.0,321859.0,331565.0,366520.0,356434.0,383091.0,453377.0,451508.0,418023.0,439215.0,448223.0,417834.0,432539.0,475194.0,582290.0,660925.0,688514.0,737633.0,853600.0,957797.0,878000.0,853161.0,912980.0,846225.0,883964.0,901789.0,775822.0,796944.0,847934.0,930155.0,929006.0,931814.0,1055173.0,1047364.0,1154694.0,1227174.0,1272011.0
New Zealand,13656.0,13874.0,15132.0,18315.0,21051.0,22551.0,23472.0,23237.0,22484.0,22377.0,22539.0,27428.0,36978.0,45505.0,44132.0,45722.0,43440.0,41515.0,44807.0,52920.0,62241.0,69100.0,68869.0,56815.0,58898.0,54127.0,53128.0,62061.0,82408.0,101601.0,113264.0,109740.0,134859.0,135606.0,122011.0,145736.0,167167.0,175361.0,187292.0,200305.0,176455.0,186081.0,203819.0,209747.0,210995.0,210541.0,249775.0,245203.0,253436.0,257728.0,248666.0
Nicaragua,1806.0,2098.0,2543.0,2431.0,1740.0,1832.0,2156.0,2497.0,2900.0,3966.0,3854.0,5800.0,3409.0,1499.0,2082.0,519.0,3678.0,3894.0,3726.0,3861.0,4140.0,4308.0,4390.0,4635.0,4856.0,5109.0,5335.0,5224.0,5322.0,5793.0,6321.0,6764.0,7423.0,8497.0,8297.0,8759.0,9774.0,10532.0,10983.0,11880.0,12757.0,13286.0,13786.0,13025.0,12713.0,12730.0,14208.0,15634.0,17820.0,19710.0,21155.0
Niger,894.0,1058.0,1250.0,1692.0,2215.0,3531.0,3056.0,2840.0,2538.0,2056.0,2027.0,2680.0,3143.0,3210.0,3068.0,3491.0,3271.0,3372.0,3041.0,1935.0,2296.0,2397.0,2285.0,2639.0,2532.0,2235.0,2442.0,2772.0,3382.0,3746.0,4372.0,4743.0,5716.0,7279.0,7324.0,7838.0,8754.0,9412.0,10206.0,10830.0,9684.0,10350.0,11181.0,12814.0,12917.0,13764.0,14923.0,15458.0,16809.0,19866.0,21874.0
Nigeria,39763.0,48441.0,54157.0,60593.0,74798.0,,,,,,,,,,,62165.0,60131.0,52275.0,56807.0,80128.0,132230.0,172686.0,187866.0,209677.0,57477.0,67824.0,73128.0,93983.0,102935.0,130345.0,169645.0,222791.0,266334.0,335378.0,302456.0,374098.0,419942.0,467157.0,521861.0,576004.0,494307.0,405019.0,375756.0,421739.0,474517.0,432299.0,441074.0,476468.0,363816.0,187640.0,188271.0
North Korea,8081.0,8412.0,8757.0,9116.0,9490.0,,,,,,,,,,,,,,,,,,,,,,,,,,,,,,,,,,,,,,,,,,,,,,
North Macedonia,,,,,,,,,,,,,,,,,,2443.0,2687.0,3561.0,4687.0,4642.0,3928.0,3764.0,3867.0,3774.0,3709.0,3991.0,4946.0,5684.0,6257.0,6860.0,8337.0,9912.0,9400.0,9415.0,10499.0,9751.0,10824.0,11378.0,10067.0,10686.0,11336.0,12694.0,12609.0,12385.0,14008.0,13957.0,15772.0,16679.0,17885.0
North Yemen,927.0,1021.0,1178.0,1305.0,1444.0,,,,,,,,,,,,,,,,,,,,,,,,,,,,,,,,,,,,,,,,,,,,,,
Norway,32566.0,35576.0,41070.0,46016.0,52548.0,64439.0,63597.0,62647.0,61627.0,62058.0,65417.0,78693.0,94231.0,101901.0,102634.0,119791.0,121872.0,130838.0,120579.0,127132.0,152031.0,163520.0,161357.0,154230.0,162384.0,171456.0,174240.0,195915.0,229385.0,265267.0,309979.0,346914.0,402646.0,464915.0,387974.0,431052.0,501361.0,512777.0,526014.0,501737.0,388160.0,370957.0,401745.0,439789.0,408743.0,367633.0,503368.0,596298.0,482950.0,483727.0,504276.0
Oman,2196.0,2681.0,2870.0,2871.0,3911.0,7269.0,8849.0,9285.0,9733.0,10726.0,11916.0,9433.0,9890.0,9613.0,10743.0,13395.0,13000.0,14274.0,14321.0,14808.0,15821.0,17512.0,18154.0,16044.0,17833.0,22259.0,22206.0,23066.0,24734.0,28379.0,35507.0,42578.0,48300.0,69805.0,55454.0,64994.0,77497.0,87409.0,89936.0,92699.0,78711.0,75129.0,80857.0,91506.0,88061.0,75909.0,87324.0,109853.0,105896.0,106943.0,104351.0
Pakistan,13653.0,16009.0,18389.0,21654.0,23936.0,38616.0,45681.0,49932.0,46619.0,50612.0,50607.0,51827.0,54171.0,62385.0,65042.0,65276.0,74158.0,79338.0,83969.0,84642.0,98917.0,103296.0,101848.0,101381.0,96008.0,99421.0,96784.0,98169.0,112507.0,132206.0,145209.0,161871.0,184141.0,202204.0,187074.0,196712.0,230577.0,250094.0,258674.0,271422.0,299930.0,313623.0,339229.0,356163.0,321071.0,300410.0,348481.0,374850.0,337754.0,373078.0,
Palau,15.0,16.0,17.0,19.0,21.0,,,,,,,,,,,,,,,,,,,,,150.0,159.0,163.0,155.0,166.0,186.0,191.0,196.0,199.0,184.0,184.0,195.0,215.0,226.0,245.0,283.0,303.0,290.0,288.0,282.0,259.0,236.0,248.0,275.0,306.0,333.0
Palestine,579.0,680.0,700.0,728.0,846.0,,,,,,,,,,,,,,,2843.0,3283.0,3410.0,3760.0,4068.0,4271.0,4314.0,4004.0,3556.0,3968.0,4603.0,5126.0,5348.0,5816.0,7310.0,8086.0,9682.0,11186.0,12208.0,13516.0,13990.0,13972.0,15405.0,16128.0,16277.0,17134.0,15532.0,18109.0,19166.0,17848.0,,
Panama,2082.0,2211.0,2344.0,2779.0,3181.0,4253.0,4814.0,5319.0,5461.0,5700.0,6030.0,6266.0,6294.0,5441.0,5456.0,5931.0,6522.0,7414.0,8096.0,8633.0,8825.0,10406.0,11245.0,12191.0,12775.0,12958.0,13166.0,13685.0,14422.0,15811.0,17244.0,19109.0,22072.0,26072.0,28104.0,30513.0,35950.0,41902.0,47261.0,51740.0,56062.0,60017.0,64468.0,67294.0,69722.0,57087.0,67407.0,76523.0,83382.0,87688.0,91675.0
Papua New Guinea,1536.0,1652.0,1819.0,2211.0,2543.0,4087.0,4011.0,3805.0,3799.0,3509.0,3250.0,3535.0,3885.0,5400.0,5238.0,4757.0,5596.0,6466.0,7349.0,8077.0,7149.0,7608.0,7272.0,5558.0,5072.0,5169.0,4531.0,4387.0,5488.0,6279.0,7339.0,8355.0,9545.0,11671.0,11619.0,14251.0,17985.0,21295.0,21261.0,23211.0,21723.0,20759.0,22743.0,24110.0,24751.0,23848.0,26113.0,31653.0,30729.0,31654.0,32835.0
Paraguay,1336.0,1501.0,1849.0,2262.0,3020.0,4095.0,5220.0,5470.0,6069.0,4931.0,4214.0,5032.0,4216.0,5584.0,4046.0,4904.0,6984.0,7158.0,7249.0,7871.0,9062.0,9788.0,9965.0,9260.0,8837.0,8856.0,8496.0,7196.0,7691.0,9624.0,10738.0,13430.0,17856.0,24615.0,22355.0,27129.0,33737.0,33296.0,38651.0,40378.0,36211.0,36090.0,38997.0,40225.0,37925.0,35432.0,39951.0,41953.0,43118.0,43989.0,45465.0
Peru,13346.0,12729.0,11475.0,9851.0,12583.0,20190.0,24398.0,24259.0,18863.0,19442.0,16823.0,25241.0,41681.0,32978.0,40699.0,28326.0,33988.0,35377.0,34330.0,43225.0,51380.0,53412.0,56281.0,53918.0,48719.0,50414.0,51034.0,53954.0,58537.0,66126.0,74232.0,87459.0,102187.0,121308.0,121892.0,149230.0,171369.0,193276.0,203042.0,203785.0,192850.0,196348.0,216578.0,227583.0,233004.0,206461.0,226268.0,244419.0,267482.0,289070.0,303293.0
Philippines,16502.0,18944.0,21770.0,25158.0,30471.0,37082.0,40735.0,42441.0,37953.0,35860.0,34973.0,34129.0,37932.0,43293.0,48652.0,50508.0,51784.0,60422.0,62037.0,73159.0,84644.0,94650.0,94106.0,74492.0,85640.0,83667.0,78921.0,84307.0,87039.0,95002.0,107420.0,127653.0,155980.0,181007.0,176132.0,208369.0,234217.0,261920.0,283903.0,297484.0,306446.0,318627.0,328481.0,346842.0,376823.0,361751.0,394087.0,404353.0,437055.0,461617.0,497495.0
Poland,47893.0,53394.0,59219.0,67066.0,75076.0,56908.0,53921.0,65520.0,75792.0,75893.0,71137.0,74053.0,64040.0,68963.0,67237.0,62401.0,80863.0,89166.0,90828.0,104213.0,139800.0,157485.0,157987.0,172929.0,168657.0,172151.0,191403.0,199694.0,218561.0,256454.0,307158.0,345898.0,429715.0,535612.0,440954.0,478111.0,527848.0,498149.0,518180.0,542266.0,479729.0,472883.0,528497.0,594641.0,602592.0,605930.0,689253.0,695734.0,809706.0,908583.0,979960.0
Portugal,19096.0,20064.0,21151.0,23179.0,26265.0,32607.0,32477.0,30678.0,28267.0,25951.0,27231.0,37869.0,47386.0,55435.0,59806.0,79439.0,89904.0,108119.0,95139.0,99692.0,118182.0,122655.0,117211.0,124124.0,127597.0,118658.0,121605.0,134700.0,165185.0,189296.0,197363.0,208767.0,240524.0,263388.0,244402.0,238639.0,245383.0,216674.0,226681.0,230138.0,199059.0,206249.0,220785.0,242203.0,240142.0,229435.0,256226.0,257101.0,289781.0,308590.0,321440.0
Puerto Rico,8969.0,9911.0,11165.0,12750.0,14436.0,14436.0,15956.0,16764.0,17277.0,19163.0,20289.0,21969.0,23878.0,26178.0,28267.0,30604.0,32287.0,34630.0,36923.0,39691.0,42647.0,45341.0,48187.0,54086.0,57841.0,61702.0,69669.0,72546.0,75834.0,80322.0,83915.0,87276.0,89524.0,93639.0,96386.0,98381.0,100352.0,101565.0,102450.0,102446.0,103376.0,104337.0,103446.0,100958.0,105126.0,103131.0,106427.0,113567.0,117902.0,120978.0,122522.0
Qatar,2470.0,3206.0,3509.0,3932.0,5633.0,6665.0,7374.0,6467.0,5506.0,5708.0,5339.0,4214.0,4441.0,4260.0,4502.0,6266.0,5579.0,6384.0,5804.0,5946.0,6861.0,7761.0,9976.0,8488.0,11266.0,18085.0,17498.0,19334.0,23716.0,30651.0,44636.0,58629.0,75987.0,112621.0,88196.0,119707.0,167775.0,186834.0,198728.0,206225.0,161740.0,151732.0,161099.0,183335.0,176371.0,144411.0,179732.0,235709.0,213003.0,221452.0,222776.0
Republic of the Congo,683.0,709.0,707.0,879.0,1194.0,2165.0,1775.0,1548.0,1407.0,1294.0,1327.0,1815.0,2205.0,2346.0,2478.0,2909.0,3035.0,3280.0,3004.0,2068.0,2457.0,2840.0,2568.0,2240.0,2646.0,3624.0,3038.0,3330.0,3863.0,5101.0,6654.0,8073.0,8784.0,11649.0,9713.0,13159.0,15653.0,17704.0,17959.0,17918.0,11891.0,10928.0,11830.0,14781.0,13977.0,11485.0,13387.0,13967.0,14169.0,14893.0,15281.0
Romania,22874.0,25709.0,27790.0,32761.0,35353.0,46053.0,55319.0,55375.0,48401.0,39111.0,48286.0,52290.0,58477.0,60538.0,54236.0,38516.0,29070.0,19779.0,26624.0,30376.0,35838.0,35692.0,35644.0,42543.0,35953.0,37447.0,40396.0,46035.0,57790.0,75059.0,98547.0,122114.0,174831.0,215567.0,174572.0,170329.0,192846.0,179228.0,189839.0,199989.0,177878.0,185337.0,210530.0,243651.0,251652.0,252372.0,286783.0,296928.0,350847.0,384148.0,403395.0
Russia,,,,,,,,,,,,,,,,,,71603.0,196227.0,293768.0,335777.0,412685.0,433704.0,287672.0,209657.0,278264.0,328475.0,370062.0,461518.0,633294.0,817717.0,1060901.0,1393416.0,1779109.0,1307927.0,1633111.0,2046621.0,2191486.0,2288428.0,2048837.0,1356703.0,1280648.0,1575140.0,1653005.0,1695724.0,1488118.0,1828927.0,2295527.0,2059762.0,2161205.0,2076396.0
Rwanda,639.0,712.0,834.0,1012.0,1239.0,1493.0,1695.0,1808.0,1932.0,1851.0,2199.0,2490.0,2765.0,2959.0,3090.0,2954.0,2179.0,2313.0,2231.0,1418.0,1470.0,1593.0,2144.0,2290.0,2131.0,2049.0,1967.0,1963.0,2139.0,2388.0,2945.0,3318.0,4069.0,5183.0,5675.0,6124.0,6885.0,7654.0,7821.0,8240.0,8546.0,8695.0,9253.0,9638.0,10349.0,10174.0,11066.0,13313.0,14331.0,14251.0,14771.0
Saint Kitts and Nevis,43.0,37.0,38.0,43.0,50.0,58.0,69.0,79.0,78.0,91.0,101.0,119.0,136.0,161.0,179.0,203.0,201.0,223.0,243.0,272.0,293.0,312.0,351.0,366.0,389.0,421.0,458.0,481.0,469.0,507.0,547.0,644.0,689.0,778.0,774.0,779.0,836.0,825.0,875.0,953.0,957.0,1007.0,1058.0,1076.0,1107.0,884.0,859.0,981.0,1056.0,1117.0,1129.0
Saint Lucia,71.0,73.0,81.0,95.0,115.0,170.0,194.0,183.0,197.0,251.0,284.0,340.0,375.0,429.0,486.0,579.0,613.0,674.0,684.0,713.0,762.0,788.0,805.0,877.0,921.0,932.0,892.0,899.0,987.0,1066.0,1135.0,1268.0,1331.0,1427.0,1400.0,1483.0,1569.0,1598.0,1660.0,1749.0,1808.0,1869.0,1999.0,2061.0,2095.0,1499.0,1867.0,2343.0,2430.0,2523.0,2632.0
Saint Vincent and the Grenadines,38.0,37.0,43.0,54.0,63.0,89.0,110.0,123.0,132.0,146.0,157.0,173.0,189.0,216.0,232.0,259.0,275.0,300.0,309.0,312.0,341.0,358.0,375.0,403.0,421.0,427.0,461.0,488.0,508.0,549.0,580.0,643.0,713.0,731.0,714.0,720.0,713.0,727.0,766.0,771.0,786.0,814.0,844.0,884.0,910.0,864.0,888.0,970.0,1071.0,1162.0,1242.0
Samoa,83.0,76.0,87.0,96.0,109.0,127.0,119.0,122.0,113.0,111.0,106.0,112.0,124.0,138.0,141.0,182.0,176.0,193.0,198.0,158.0,242.0,258.0,280.0,286.0,262.0,271.0,273.0,289.0,342.0,418.0,486.0,516.0,568.0,684.0,618.0,680.0,744.0,773.0,798.0,797.0,824.0,844.0,885.0,878.0,913.0,869.0,844.0,833.0,938.0,1068.0,1160.0
San Marino,156.0,154.0,176.0,215.0,269.0,,,,,,,,,,,,,,,,,,,,,1008.0,1060.0,1148.0,1462.0,1714.0,1788.0,1910.0,2189.0,2403.0,2062.0,1883.0,1813.0,1606.0,1678.0,1674.0,1420.0,1468.0,1528.0,1656.0,1616.0,1543.0,1857.0,1833.0,2003.0,2063.0,2047.0
Saudi Arabia,46773.0,64006.0,74189.0,80267.0,111858.0,164540.0,184292.0,153240.0,129181.0,119631.0,103894.0,86886.0,85582.0,88138.0,95217.0,117474.0,132047.0,136905.0,132790.0,134995.0,143152.0,158451.0,165742.0,146776.0,161717.0,189515.0,184138.0,189606.0,215808.0,258742.0,328205.0,376398.0,415687.0,519797.0,429098.0,528207.0,676635.0,741850.0,753864.0,766606.0,669485.0,666000.0,714994.0,846584.0,838565.0,734271.0,874157.0,1108571.0,1067583.0,1085358.0,1083749.0
Senegal,2078.0,2107.0,2157.0,2403.0,2998.0,4338.0,3934.0,3850.0,3435.0,3350.0,3668.0,5188.0,6241.0,6173.0,6083.0,7078.0,6955.0,7435.0,7014.0,4746.0,6026.0,6300.0,5867.0,6416.0,6599.0,6016.0,6508.0,7001.0,8767.0,10072.0,11015.0,11699.0,13996.0,16852.0,16128.0,16134.0,17811.0,17672.0,18919.0,19802.0,17777.0,19035.0,20989.0,23127.0,23405.0,24534.0,27584.0,27750.0,30625.0,32892.0,34728.0
Serbia,,,,,,,,,,,,,,,,,,,,,,,,,,10431.0,13650.0,17997.0,23627.0,26718.0,28143.0,33421.0,45121.0,54117.0,46949.0,43067.0,51274.0,45111.0,50456.0,49114.0,41297.0,42225.0,45973.0,52788.0,53865.0,55874.0,65830.0,66798.0,81343.0,89074.0,92549.0
Seychelles,59.0,61.0,80.0,106.0,157.0,147.0,154.0,148.0,147.0,151.0,169.0,208.0,249.0,284.0,305.0,369.0,374.0,434.0,474.0,486.0,508.0,503.0,563.0,608.0,623.0,615.0,622.0,698.0,706.0,839.0,919.0,1016.0,1034.0,998.0,847.0,970.0,1018.0,1060.0,1328.0,1388.0,1432.0,1568.0,1675.0,1777.0,1867.0,1384.0,1490.0,2018.0,2187.0,2168.0,2198.0
Sierra Leone,743.0,690.0,787.0,1015.0,1170.0,2708.0,2903.0,3264.0,2838.0,3283.0,2794.0,2092.0,1823.0,2988.0,2745.0,1509.0,1812.0,1580.0,1786.0,2118.0,2026.0,2188.0,1974.0,1562.0,1555.0,1498.0,1726.0,1990.0,2218.0,2339.0,2738.0,3144.0,3451.0,3926.0,3795.0,4174.0,4799.0,5746.0,6736.0,6521.0,6750.0,6038.0,5823.0,6390.0,6519.0,6682.0,7165.0,7119.0,6397.0,7653.0,8386.0
Singapore,5787.0,6066.0,6694.0,8048.0,9702.0,12082.0,14367.0,15879.0,18011.0,19563.0,18573.0,18780.0,21629.0,26551.0,31436.0,38892.0,45465.0,52131.0,60604.0,73689.0,87813.0,96293.0,100124.0,85728.0,86287.0,96077.0,89794.0,92538.0,97646.0,115034.0,127808.0,148627.0,180942.0,193617.0,194150.0,239808.0,279357.0,295093.0,307576.0,314864.0,307999.0,319646.0,343673.0,377124.0,376162.0,349166.0,436591.0,509018.0,505440.0,547387.0,564774.0
Slovakia,,,,,,,,,,,,,,,,,,,13906.0,16046.0,20297.0,21871.0,22037.0,22917.0,20890.0,20711.0,21384.0,24849.0,33864.0,43023.0,48912.0,57480.0,77260.0,97122.0,89246.0,91187.0,99688.0,94784.0,99136.0,101739.0,89188.0,90322.0,95944.0,106660.0,105855.0,107646.0,120672.0,116020.0,132947.0,140636.0,147031.0
Slovenia,,,,,,,,,,,,,,,,,,19285.0,16637.0,16857.0,21399.0,21480.0,20769.0,22080.0,22668.0,20262.0,20693.0,23263.0,29399.0,34190.0,36002.0,39293.0,47886.0,55503.0,49921.0,47832.0,51190.0,46196.0,47868.0,49527.0,42714.0,44279.0,48136.0,53713.0,53916.0,53342.0,61570.0,59975.0,69168.0,72463.0,75224.0
Solomon Islands,65.0,72.0,82.0,98.0,130.0,183.0,194.0,193.0,181.0,182.0,166.0,148.0,155.0,176.0,173.0,215.0,228.0,269.0,301.0,403.0,469.0,511.0,527.0,458.0,488.0,420.0,410.0,346.0,353.0,398.0,477.0,539.0,620.0,699.0,736.0,847.0,1050.0,1185.0,1286.0,1336.0,1308.0,1379.0,1470.0,1615.0,1619.0,1536.0,1523.0,1566.0,1661.0,1777.0,1898.0
Somalia,757.0,871.0,441.0,500.0,514.0,,,,,,,,,,,,,,,,,,,,,,,,,,,,,,,,5022.0,5183.0,5869.0,6443.0,6841.0,7391.0,8252.0,7873.0,8655.0,8628.0,9484.0,10203.0,10969.0,12134.0,12994.0
South Africa,36948.0,35475.0,39400.0,45328.0,55937.0,89412.0,93150.0,85897.0,96205.0,84838.0,64481.0,73399.0,96533.0,104010.0,108070.0,126027.0,135227.0,146970.0,147236.0,153569.0,171736.0,163340.0,169004.0,152885.0,151426.0,151855.0,135527.0,129385.0,197017.0,256188.0,288749.0,304055.0,332650.0,316491.0,331184.0,417315.0,458708.0,434400.0,400877.0,381195.0,346663.0,323493.0,381317.0,405093.0,389245.0,337876.0,420778.0,406755.0,380592.0,400191.0,410338.0
South Korea,21648.0,29774.0,38227.0,51539.0,66218.0,66517.0,74287.0,79912.0,89621.0,99750.0,103764.0,119966.0,152241.0,205479.0,254236.0,292064.0,340863.0,366912.0,405772.0,478988.0,586301.0,631194.0,590070.0,396803.0,515427.0,597802.0,567655.0,649747.0,728497.0,822583.0,971540.0,1094545.0,1220756.0,1093487.0,982854.0,1192722.0,1307239.0,1335344.0,1434670.0,1556252.0,1539212.0,1578816.0,1710197.0,1824251.0,1751046.0,1744456.0,1942314.0,1799363.0,1839058.0,1869714.0,1790322.0
South Sudan,,,,,,,,,,,,,,,,,,,,,,,,,,,,,,,,,,,,,17340.0,11267.0,14947.0,15178.0,15326.0,2419.0,1302.0,2687.0,4044.0,5423.0,5940.0,8037.0,7186.0,5423.0,3998.0
South Yemen,141.0,183.0,226.0,272.0,293.0,,,,,,,,,,,,,,,,,,,,,,,,,,,,,,,,,,,,,,,,,,,,,,
Soviet Union,685972.0,688530.0,738417.0,840139.0,901616.0,,,,,,,,,,,,,,,,,,,,,,,,,,,,,,,,,,,,,,,,,,,,,,
Spain,111435.0,115065.0,128590.0,155939.0,208351.0,231048.0,204843.0,197890.0,173072.0,172597.0,181847.0,251618.0,318787.0,374535.0,413106.0,536322.0,577166.0,630910.0,529980.0,531801.0,614713.0,642480.0,590500.0,619541.0,635025.0,598367.0,627803.0,708437.0,907736.0,1069344.0,1155306.0,1261914.0,1476920.0,1635936.0,1494963.0,1429155.0,1487307.0,1331838.0,1362207.0,1380600.0,1206287.0,1242673.0,1321288.0,1432292.0,1403651.0,1288751.0,1462216.0,1447636.0,1620558.0,1722227.0,1799511.0
Sri Lanka,3941.0,3749.0,4242.0,2907.0,3550.0,5194.0,5404.0,5834.0,6298.0,7382.0,7302.0,7826.0,8149.0,8518.0,8550.0,9787.0,10716.0,11553.0,12351.0,14245.0,15127.0,16592.0,18544.0,19050.0,19143.0,20007.0,19236.0,20238.0,22352.0,24423.0,28880.0,33447.0,38270.0,48177.0,49750.0,58643.0,67725.0,70392.0,76934.0,82483.0,85091.0,88000.0,94376.0,94484.0,89015.0,84304.0,88609.0,74584.0,83723.0,98964.0,
Sudan,3242.0,4043.0,4751.0,5112.0,5646.0,9095.0,6530.0,4748.0,6485.0,7992.0,5547.0,7400.0,11964.0,9551.0,16853.0,2245.0,2528.0,3100.0,5246.0,5961.0,6694.0,8377.0,10241.0,10924.0,10714.0,13134.0,15716.0,18137.0,21355.0,26646.0,35183.0,45264.0,59440.0,64833.0,54812.0,65716.0,66448.0,48948.0,52892.0,60726.0,64534.0,64888.0,48906.0,33590.0,31484.0,35237.0,35142.0,33517.0,36998.0,28270.0,31506.0
Suriname,638.0,693.0,879.0,1008.0,1072.0,1276.0,1427.0,1469.0,1419.0,1387.0,1402.0,1430.0,1573.0,1864.0,2177.0,577.0,637.0,590.0,465.0,523.0,993.0,1234.0,1322.0,1588.0,1308.0,1355.0,1167.0,1474.0,1729.0,2000.0,2393.0,2812.0,3144.0,3783.0,4150.0,4677.0,4735.0,5332.0,5510.0,5612.0,5126.0,3317.0,3592.0,3996.0,4016.0,2912.0,3084.0,3631.0,3445.0,4458.0,4506.0
Sweden,77036.0,83056.0,87801.0,97072.0,114679.0,139571.0,127406.0,112404.0,103289.0,107628.0,112593.0,148766.0,180937.0,204691.0,215436.0,258395.0,270629.0,281588.0,212646.0,228703.0,267054.0,291954.0,268252.0,270891.0,274319.0,262904.0,242498.0,267373.0,334074.0,384548.0,391691.0,422528.0,490052.0,514617.0,434313.0,492753.0,570541.0,549742.0,584128.0,577730.0,501698.0,514218.0,536084.0,551312.0,532169.0,545148.0,637187.0,579896.0,585490.0,610118.0,620297.0
Switzerland,60111.0,62874.0,67152.0,93912.0,105563.0,122466.0,112129.0,114891.0,114517.0,109400.0,110965.0,159074.0,199086.0,215360.0,208135.0,265911.0,269003.0,279764.0,272006.0,301246.0,353094.0,340241.0,294824.0,303238.0,297581.0,279305.0,286780.0,309579.0,362132.0,403461.0,418265.0,441898.0,491075.0,566938.0,553873.0,598339.0,715864.0,686553.0,706748.0,726634.0,693805.0,687771.0,695544.0,725910.0,721867.0,741288.0,814699.0,828522.0,894867.0,936738.0,947125.0
Syria,5311.0,6388.0,6991.0,8384.0,10077.0,12980.0,16652.0,17415.0,18649.0,19171.0,21177.0,25428.0,32497.0,16538.0,9849.0,12303.0,12738.0,13263.0,13796.0,15105.0,16556.0,17761.0,16573.0,16144.0,16785.0,19861.0,20979.0,22758.0,21702.0,25204.0,28881.0,33824.0,40488.0,52631.0,53939.0,60043.0,,,,,,,,,,60043.0,,,,,
So Tom and Prncipe,61.0,52.0,50.0,55.0,66.0,69.0,84.0,81.0,76.0,79.0,83.0,117.0,117.0,100.0,99.0,120.0,108.0,96.0,127.0,132.0,104.0,136.0,93.0,73.0,78.0,77.0,72.0,80.0,96.0,104.0,125.0,133.0,145.0,188.0,201.0,191.0,228.0,231.0,269.0,295.0,262.0,294.0,325.0,387.0,416.0,476.0,529.0,546.0,684.0,796.0,864.0
Taiwan,,,,,,42285.0,48969.0,49535.0,54148.0,61071.0,63617.0,78195.0,105039.0,126473.0,152704.0,166622.0,187140.0,222911.0,236339.0,256247.0,279059.0,292494.0,303284.0,279964.0,303830.0,330680.0,299276.0,307439.0,317381.0,346924.0,374060.0,386450.0,406907.0,415901.0,390829.0,444281.0,483974.0,495610.0,512943.0,535328.0,534515.0,543081.0,591687.0,610690.0,613512.0,676861.0,776965.0,765624.0,757335.0,782441.0,804889.0
Tajikistan,,,,,,,,,,,,,,,,,,291.0,678.0,829.0,569.0,1052.0,1121.0,1320.0,1087.0,991.0,1057.0,1212.0,1555.0,2073.0,2311.0,2811.0,3712.0,5135.0,4977.0,5642.0,6523.0,7592.0,8506.0,9242.0,7857.0,6994.0,7535.0,7762.0,8301.0,8134.0,8934.0,10493.0,11854.0,13544.0,14836.0
Tanzania,3829.0,4147.0,4955.0,5934.0,6282.0,10873.0,13005.0,14932.0,15294.0,13915.0,12556.0,15874.0,7821.0,7474.0,6444.0,5172.0,6019.0,5588.0,5170.0,5478.0,6382.0,7889.0,9341.0,11481.0,11777.0,12369.0,12610.0,13123.0,14159.0,15576.0,17174.0,18878.0,21810.0,27779.0,29301.0,31860.0,34369.0,39650.0,45677.0,49982.0,47424.0,49774.0,54000.0,54775.0,58797.0,63373.0,67964.0,74173.0,79138.0,80171.0,85977.0
Thailand,15489.0,17677.0,20585.0,24984.0,28483.0,33422.0,35999.0,37799.0,41366.0,43179.0,40185.0,44520.0,52204.0,63704.0,74637.0,88467.0,101247.0,115576.0,128889.0,146684.0,169279.0,183035.0,150180.0,113676.0,126669.0,126392.0,120296.0,134301.0,152281.0,172896.0,189318.0,221758.0,262943.0,291383.0,281711.0,341105.0,370819.0,397558.0,420334.0,407339.0,401296.0,413366.0,456357.0,506754.0,543977.0,500462.0,506195.0,495645.0,515906.0,526411.0,546224.0
Timor-Leste,,,,,,,,,,,,,,,,,,,,,,,,,,367.0,477.0,470.0,490.0,441.0,462.0,454.0,543.0,648.0,727.0,882.0,1042.0,1160.0,1396.0,1448.0,1590.0,1640.0,1585.0,1556.0,2033.0,2163.0,3625.0,3209.0,2080.0,2015.0,2115.0
Togo,599.0,570.0,687.0,851.0,1016.0,1994.0,1656.0,1396.0,1330.0,1222.0,1281.0,1795.0,2107.0,2345.0,2302.0,2772.0,2740.0,2873.0,2189.0,1697.0,2240.0,2448.0,2494.0,2361.0,2370.0,2014.0,2000.0,2301.0,2854.0,3048.0,3080.0,3173.0,3760.0,4578.0,4717.0,4750.0,5421.0,5417.0,6022.0,6395.0,5756.0,6069.0,6385.0,7033.0,6993.0,7400.0,8338.0,8144.0,9081.0,9776.0,10023.0
Tonga,43.0,39.0,45.0,54.0,58.0,71.0,79.0,79.0,77.0,81.0,76.0,90.0,98.0,115.0,139.0,144.0,169.0,178.0,183.0,189.0,207.0,218.0,222.0,212.0,197.0,203.0,181.0,183.0,202.0,231.0,262.0,292.0,299.0,344.0,312.0,367.0,415.0,427.0,452.0,441.0,438.0,421.0,460.0,481.0,494.0,503.0,520.0,515.0,512.0,539.0,568.0
Trinidad and Tobago,2443.0,2501.0,3139.0,3563.0,4603.0,6343.0,7113.0,8280.0,7898.0,7891.0,7503.0,4877.0,4880.0,4574.0,4397.0,5155.0,5399.0,5533.0,4656.0,5032.0,5421.0,5859.0,5837.0,6148.0,6926.0,8295.0,8960.0,9148.0,11464.0,13472.0,16170.0,18600.0,21937.0,28193.0,19520.0,22522.0,25789.0,27147.0,28561.0,29474.0,26841.0,23624.0,23848.0,23889.0,23588.0,20991.0,24177.0,28510.0,25489.0,25524.0,26467.0
Tunisia,4775.0,4973.0,5637.0,6584.0,7930.0,9566.0,9223.0,8900.0,9202.0,9054.0,9245.0,9910.0,10663.0,11073.0,11069.0,14133.0,14897.0,17809.0,16724.0,17886.0,20616.0,22324.0,21762.0,22870.0,24066.0,22524.0,23146.0,24274.0,28797.0,32710.0,33851.0,36059.0,40819.0,47039.0,45593.0,46210.0,48122.0,47311.0,48681.0,50273.0,45779.0,44360.0,42167.0,42687.0,41905.0,42494.0,46813.0,44596.0,48541.0,53063.0,56291.0
Turkey,62735.0,71763.0,81839.0,90347.0,123319.0,96596.0,97865.0,88918.0,84968.0,82642.0,92827.0,102337.0,118926.0,125032.0,147727.0,207508.0,208402.0,219176.0,248573.0,179359.0,233566.0,250486.0,261857.0,277599.0,254024.0,273118.0,202558.0,238150.0,316540.0,407024.0,504800.0,552332.0,682992.0,782851.0,651513.0,777443.0,837924.0,877681.0,958088.0,939924.0,867054.0,869204.0,859020.0,797707.0,760388.0,717114.0,807893.0,905800.0,1130062.0,1322405.0,1437406.0
Turkmenistan,,,,,,,,,,,,,,,,,,1625.0,9169.0,7765.0,10043.0,4068.0,4584.0,4893.0,6595.0,8587.0,11855.0,14875.0,19533.0,24272.0,29363.0,36577.0,44388.0,36788.0,34562.0,35164.0,44413.0,50252.0,50863.0,56204.0,44944.0,42876.0,45902.0,49299.0,53035.0,52385.0,60934.0,77963.0,77876.0,82515.0,89054.0
Tuvalu,4.0,4.0,4.0,4.0,4.0,,,,,,,,,,,,,,,,,,,,,15.0,14.0,17.0,20.0,23.0,23.0,24.0,29.0,32.0,28.0,33.0,40.0,39.0,39.0,39.0,37.0,41.0,45.0,48.0,54.0,52.0,62.0,61.0,63.0,65.0,65.0
Uganda,2524.0,2668.0,2876.0,2955.0,2801.0,7486.0,12120.0,8410.0,9619.0,7399.0,6771.0,6746.0,10878.0,11268.0,9136.0,7452.0,3897.0,3645.0,4311.0,6240.0,7473.0,7713.0,8407.0,8230.0,7823.0,7756.0,7835.0,8425.0,8725.0,10750.0,12460.0,14079.0,17512.0,22419.0,24107.0,24683.0,27501.0,30939.0,32331.0,34754.0,30122.0,30232.0,31589.0,34126.0,37895.0,37889.0,42805.0,47276.0,51934.0,56453.0,64277.0
Ukraine,,,,,,,,,,,,,,,,,,22193.0,35025.0,38012.0,38275.0,46083.0,51867.0,43315.0,32661.0,32331.0,37863.0,42339.0,50096.0,64747.0,85996.0,107767.0,143260.0,181313.0,117079.0,136011.0,163059.0,175781.0,183310.0,133392.0,90922.0,93349.0,112064.0,130905.0,153904.0,156566.0,199835.0,161987.0,178763.0,190426.0,205742.0
United Arab Emirates,14721.0,19213.0,24872.0,23776.0,31226.0,41725.0,46461.0,43205.0,39588.0,39245.0,38519.0,30526.0,33519.0,34069.0,39325.0,50682.0,49300.0,51952.0,52144.0,57395.0,63432.0,72853.0,77167.0,75304.0,84420.0,102987.0,103312.0,109816.0,124346.0,147812.0,180616.0,222117.0,257883.0,315464.0,253547.0,300189.0,360833.0,384610.0,400219.0,414105.0,370276.0,369255.0,390517.0,427049.0,417990.0,349473.0,415179.0,502732.0,514130.0,537079.0,548598.0
United Kingdom,236514.0,227217.0,256596.0,325244.0,422476.0,604697.0,588342.0,559326.0,532925.0,504939.0,537200.0,655035.0,814102.0,989706.0,1007623.0,1197021.0,1248625.0,1289587.0,1155162.0,1241720.0,1344504.0,1421099.0,1561239.0,1653852.0,1688248.0,1668690.0,1650252.0,1788549.0,2056294.0,2422619.0,2546038.0,2712257.0,3091695.0,2960390.0,2421476.0,2487924.0,2664719.0,2707571.0,2786665.0,3066304.0,2928558.0,2699086.0,2682384.0,2875024.0,2853074.0,2698705.0,3144079.0,3125404.0,3371118.0,3644636.0,3839180.0
United States,1623400.0,1809100.0,2013600.0,2276000.0,2543500.0,2857325.0,3207025.0,3343800.0,3634025.0,4037650.0,4339000.0,4579625.0,4855250.0,5236425.0,5641600.0,5963125.0,6158125.0,6520325.0,6858550.0,7287250.0,7639750.0,8073125.0,8577550.0,9062825.0,9631175.0,10250950.0,10581925.0,10929100.0,11456450.0,12217175.0,13039200.0,13815600.0,14474250.0,14769850.0,14478050.0,15048975.0,15599725.0,16253950.0,16880675.0,17608125.0,18295000.0,18804900.0,19612100.0,20656525.0,21539975.0,21354125.0,23681175.0,26006900.0,27720725.0,29184900.0,30507217.0
Uruguay,3825.0,4007.0,4488.0,5377.0,7698.0,12217.0,13636.0,11147.0,6119.0,5819.0,5686.0,7059.0,8832.0,9137.0,9630.0,11204.0,13502.0,15515.0,18064.0,21040.0,23267.0,24730.0,26155.0,27704.0,26178.0,24892.0,22802.0,14863.0,13159.0,14959.0,18986.0,21416.0,25603.0,33151.0,34565.0,43967.0,52354.0,55938.0,62857.0,62546.0,58218.0,57580.0,65068.0,65370.0,62229.0,53557.0,60742.0,70600.0,77997.0,80961.0,79731.0
Uzbekistan,,,,,,,,,,,,,,,,,,4476.0,6897.0,8175.0,12746.0,17453.0,18433.0,18738.0,21362.0,17195.0,14581.0,12106.0,12697.0,15045.0,17939.0,21344.0,27963.0,35858.0,41945.0,49772.0,60213.0,67520.0,73192.0,80848.0,85662.0,85658.0,69703.0,58696.0,67294.0,66443.0,77340.0,90125.0,102634.0,114962.0,132484.0
Vanuatu,81.0,78.0,82.0,100.0,132.0,121.0,114.0,114.0,117.0,144.0,132.0,128.0,139.0,158.0,154.0,169.0,201.0,209.0,200.0,234.0,249.0,261.0,273.0,262.0,268.0,272.0,257.0,262.0,315.0,365.0,390.0,435.0,517.0,582.0,590.0,652.0,738.0,736.0,755.0,775.0,774.0,798.0,880.0,928.0,930.0,1008.0,921.0,1072.0,1158.0,1206.0,1267.0
Venezuela,32125.0,36751.0,42355.0,45987.0,56508.0,69841.0,78367.0,79998.0,79672.0,57826.0,59865.0,60877.0,46854.0,60378.0,44672.0,48391.0,53382.0,60400.0,59865.0,58357.0,77427.0,70536.0,85684.0,91836.0,97517.0,117596.0,123119.0,95258.0,83684.0,112254.0,143375.0,178521.0,232857.0,306764.0,268624.0,318281.0,316482.0,372592.0,258931.0,214690.0,125449.0,112915.0,115883.0,102021.0,73014.0,42838.0,56615.0,89013.0,102377.0,119808.0,108511.0
Vietnam,3896.0,4541.0,5413.0,6532.0,7140.0,35357.0,17617.0,23369.0,35204.0,61171.0,19045.0,43009.0,53385.0,29501.0,7991.0,8217.0,9704.0,12528.0,16736.0,20712.0,26407.0,31352.0,34146.0,34580.0,36444.0,39585.0,41297.0,44563.0,50233.0,62877.0,73197.0,84301.0,98426.0,124756.0,129022.0,143212.0,171312.0,195169.0,212728.0,232888.0,236795.0,252146.0,277071.0,304470.0,331818.0,346310.0,370076.0,411068.0,433008.0,459472.0,490970.0
Yemen,,,,,,,,,,,,,,,,12644.0,14665.0,17959.0,21737.0,28019.0,12796.0,6496.0,6838.0,6322.0,7639.0,9679.0,9853.0,10693.0,11778.0,13868.0,16732.0,19063.0,21651.0,26911.0,25130.0,30907.0,32726.0,35401.0,40415.0,43229.0,42444.0,31318.0,26842.0,21606.0,21888.0,20220.0,19394.0,23534.0,19412.0,19101.0,17401.0
Yugoslavia,33279.0,37563.0,45673.0,54338.0,68198.0,,,,,,,,,,,,,,,,,,,,,,,,,,,,,,,,,,,,,,,,,,,,,,
Zambia,2658.0,2814.0,2767.0,3098.0,3827.0,4246.0,4385.0,4232.0,3653.0,3003.0,2848.0,1962.0,2431.0,4095.0,4365.0,4085.0,3690.0,3614.0,3549.0,3657.0,3799.0,3599.0,4303.0,3538.0,3405.0,3601.0,3870.0,4194.0,4902.0,6221.0,8329.0,12762.0,14060.0,17914.0,15332.0,20264.0,23455.0,25502.0,28042.0,27145.0,21245.0,20965.0,25874.0,26312.0,23309.0,18138.0,22096.0,29164.0,27578.0,26326.0,28910.0
Zimbabwe,4692.0,4637.0,4683.0,4686.0,5559.0,,,,,,,,,,,10143.0,9450.0,7793.0,7569.0,7959.0,8263.0,10117.0,10386.0,12099.0,11768.0,11340.0,11243.0,10734.0,9573.0,9465.0,9045.0,8141.0,7784.0,6707.0,9666.0,12042.0,14102.0,17115.0,19091.0,19496.0,19963.0,20549.0,22040.0,36922.0,26033.0,26878.0,36016.0,32613.0,35144.0,35224.0,38172.0
